"Authors","Author full names","Author(s) ID","Title","Year","Cited by","DOI","Link","Abstract","Author Keywords","Index Keywords","Language of Original Document","Document Type","Source"
"Sumboh J.G.; Appiah G.; Oblim F.T.; Oboubie E.; Wilson M.D.; Kaneko S.; deSouza D.K.","Sumboh, Jeffrey Gabriel (57210793780); Appiah, Gabriel (57189236550); Oblim, Frank Teye (59954133700); Oboubie, Emmanuel (60609476100); Wilson, Michael David (56909224500); Kaneko, Satoshi (55584173200); deSouza, Dziedzom K. (60608969300)","57210793780; 57189236550; 59954133700; 60609476100; 56909224500; 55584173200; 60608969300","A GIS and field-based assessment of the ecological consequences of illegal mining (galamsey) on blackfly breeding sites in Ghana: implications for the sustainable development goals","2026","0","10.1186/s41182-026-00944-4","https://www.scopus.com/pages/publications/105037523793?origin=resultslist","Background: The Ofin River basin has historically supported Simulium blackfly breeding, vectors of Onchocerca, yet recent Programme reports have noted a sharp decline in monitored populations. With illegal artisanal mining (galamsey) expanding around the basin, this study assessed how associated ecological changes may influence habitat suitability for blackfly breeding across three riverine communities (Adwuman, Buabenso, and Kyekyewere). Methods: Water discharge and quality were assessed through field measurements and laboratory analyses of pH, electrical conductivity, turbidity, colour, total suspended solids (TSS), and total dissolved solids (TDS). Satellite imagery from 2008, 2017, and 2022/23 was analysed using Iso Cluster Unsupervised Classification algorithm (ISODATA), Principal Raster Components Analysis (PRCA) and the Normalized Difference Vegetation Index (NDVI) to quantify transitions and vegetation health using ArcGIS Pro. Results: Water discharge rates varied (Adwuman: 181.57 m3/s, Buabenso: 78.93 m3/s, Kyekyewere: 111.95 m3/s) and quality analysis showed differences in key parameters. Adwuman’s pH was 6.98, conductivity (145.5 µS/cm), turbidity (3392.5 NTU), colour (3375 Hz) and TSS (3630 mg/L). Buabenso had a pH of 6.98, conductivity 146.75 µS/cm, turbidity 3525 NTU, colour at 3812.5 Hz and TSS of 3857.5 mg/L. Kyekyewere recorded the lowest pH (6.95) and conductivity (145.25 µS/cm), but the highest turbidity (3725 NTU), colour (4175 Hz) and TSS (4342.5 mg/L). Forest cover declined by 10.72, 7.41, and 8.80 percentage points in Adwuman, Buabenso, and Kyekyewere, respectively, while light vegetation increased by 15.71, 15.00, and 18.93 points. Water coverage expanded by 10.81, 6.12, and 5.26 percentage points across the communities, indicating hydrological alteration. NDVI revealed widespread declines in vegetation health and density, particularly near mining zones. Conclusion: The combined effects of extreme sedimentation, vegetation degradation and riparian disturbance suggest ecological conditions that are increasingly unsuitable for blackfly breeding in the Ofin River basin. The disruptions also threaten food security, clean water access and ecosystem integrity, with implications for achieving SDG 2, 3, 6, and 15. Strengthened River management, reforestation of degraded riparian areas, enforcement against illegal mining and community-based monitoring are needed to restore ecological function and safeguard both biodiversity and public health. © The Author(s) 2026.","Blackflies; Illegal mining; Land cover change; Onchocerciasis; Remote sensing; Vector ecology","","English","Article","Scopus"
"Masindi V.; Chatzisymeon E.; Kortidis I.; Foteinis S.","Masindi, Vhahangwele (55917264900); Chatzisymeon, Efthalia (14424041800); Kortidis, Ioannis (33068069400); Foteinis, Spyros (25923847800)","55917264900; 14424041800; 33068069400; 25923847800","Assessing the sustainability of acid mine drainage (AMD) treatment in South Africa","2018","89","10.1016/j.scitotenv.2018.04.108","https://www.scopus.com/pages/publications/85045698594?origin=resultslist","The environmental sustainability of acid mine drainage (AMD) treatment at semi-industrial scale is examined by means of the life cycle assessment (LCA) methodology. An integrated process which includes magnesite, lime, soda ash and CO2 bubbling treatment was employed to effectively treat, at semi-industrial scale, AMD originating from a coal mine in South Africa. Economic aspects are also discussed. AMD is a growing problem of emerging concern that cause detrimental effects to the environment and living organisms, including humans, and impose on development, health, access to clean water, thus also affect economic growth and cause social instability. Therefore, sustainable and cost effective treatment methods are required. A life cycle cost analysis (LCCA) revealed the viability of the system, since the levelized cost of AMD treatment can be as low as R112.78/m3 (€7.60/m3 or $9.35/m3). Moreover, due to its versatility, the system can be used both at remote locales, at stand-alone mode (e.g. using solar energy), or can treat AMD at industrial scale, thus substantially improving community resilience at local and national level. In terms of environmental sustainability, 29.6 kg CO2eq are emitted per treated m3 AMD or its environmental footprint amount to 2.96 Pt/m3. South Africa's fossil-fuel depended energy mix and liquid CO2 consumption were the main environmental hotspots. The total environmental footprint is reduced by 45% and 36% by using solar energy and gaseous CO2, respectively. Finally, AMD sludge valorisation, i.e. mineral recovery, can reduce the total environmental footprint by up to 12%. © 2018 Elsevier B.V.","Acid rock drainage (ARD); Hazardous wastes; Scenario analysis; SimaPro; Wastewater treatment; Water management","Coal Mining; Hydrogen-Ion Concentration; South Africa; Waste Disposal, Fluid; Waste Products; Water Pollutants, Chemical; South Africa; Biology; Carbon dioxide; Coal mines; Cost benefit analysis; Cost effectiveness; Costs; Drainage; Fossil fuels; Life cycle; Lime; Magnesite; Sodium Carbonate; Solar energy; Wastewater treatment; Water management; Water treatment; aluminum; calcium; calcium oxide; carbon dioxide; iron; magnesium; magnesium oxide; manganese; sodium; sodium carbonate; sodium hydroxide; sulfate; Acid rock drainage; Cost effective treatments; Environmental sustainability; Hazardous wastes; Life Cycle Assessment (LCA); Life-cycle cost analysis; Scenario analysis; Simapro; acid mine drainage; assessment method; carbon dioxide; hazardous waste; scenario analysis; sustainability; wastewater treatment; water management; acid mine drainage; acidification; acidity; alkalinity; Article; climate change; coal mining; cost effectiveness analysis; economic aspect; economic development; ecotoxicity; effluent; electric conductivity; environmental impact; environmental sustainability; eutrophication; hazardous waste; ionizing radiation; land use; landfill; life cycle assessment; nonhuman; ozone depletion; photochemistry; priority journal; renewable energy; reverse osmosis; solar energy; South Africa; waste water management; water hardness; water management; water quality; analysis; coal mining; pH; procedures; sewage; waste; water pollutant; Sustainable development","English","Article","Scopus"
"Fitriyah P.; Nurhaeni I.D.A.; Rahmanto A.N.; Kartono D.T.","Fitriyah, Pipit (57320711500); Nurhaeni, Ismi Dwi Astuti (57190937123); Rahmanto, Andre N. (57191827438); Kartono, Drajat Tri (57191474243)","57320711500; 57190937123; 57191827438; 57191474243","Crisis communication in megathrust discourse: Risk preparedness or fear amplification?","2025","0","10.58946/search-17.2.P4","https://www.scopus.com/pages/publications/105013288641?origin=resultslist","This research examines how crisis communication influences public responses to the risk of megathrust earthquakes, particularly whether digital discourse fosters preparedness or amplifies fear. More specifically, this research looks at how public engagement, risk awareness, and perceived constraints shape behavioural outcomes in disaster contexts, such as a megathrust earthquake, using the Situational Theory of Publics (Grunig, 1997) and Risk Perception Theory (Slovic, 1987). To address these dynamics, a mixed-methods approach was applied: computational text mining and qualitative interviews. To contextualise the digital discourse, semi-structured interviews were conducted with institutional actors (BMKG, BNPB), disaster communication specialists, and community-based organisations. Using Voyant Tools, incorporating Brown and Yule’s (1983) framework to identify thematic patterns through word frequency and co-occurrence analysis, the findings reveal that the corpus consisted of 1,253,214 words, 61,885 unique word forms as well as dominant terms such as “megathrust” (64,160), “gempa” (33,146), and “potensi” (6,553). This also indicates heightened public concern and awareness as well as that public preparedness is strongly influenced by risk perception and involvement. However, high levels of constraint recognition—manifested as distrust in institutions or uncertainty about appropriate actions—diminish proactive responses. While BMKG and BNPB were frequently mentioned, the clear message was lack of clarity, emotional resonance, and educational value. This research underscores the need to formalise empathetic, two-way crisis communication protocols through national SOPs. In summary, integrating adaptive messaging, real-time sentiment monitoring, and inclusive engagement strategies is vital for transforming awareness into preparedness and mitigating fear-driven reactions. © SEARCH Journal 2025.","Crisis communication; preparedness; risk perception; situational theory of publics; social media","","English","Article","Scopus"
"Ginzarly M.; Teller J.; Dujardin S.","Ginzarly, Manal (57201250553); Teller, Jacques (56242316100); Dujardin, Sébastien (50461289000)","57201250553; 56242316100; 50461289000","Social media use in disaster response: empowering community resilience","2025","6","10.1080/17538947.2025.2521791","https://www.scopus.com/pages/publications/105009408699?origin=resultslist","This article contributes to ongoing discussions on the role of grassroots mobilizations on social media in building community resilience and tackling specific challenges during disaster events. It investigates the use of two social media platforms, Facebook and Twitter, now referred to as X, during the 2021 flood in Belgium, both in the immediate aftermath of the crisis and in the short-term. First, it analyzes the activities of Facebook community groups established post-crisis over a six-month period. Then, it examines tweets related to the 2021 flood in Belgium. Finally, it complements the social media data with online interviews conducted with Facebook groups administrators. The analytical framework employs (1) a social media data-driven quantitative and qualitative text analysis using topic modeling and sentiment analysis, and (2) an inductive thematic analysis of interviews. The findings highlight the different roles played by the two social media platforms. Facebook served as an effective platform to mobilize and organize local communities for immediate and practical support, while Twitter served as a platform for broader global engagement and advocacy. The convergence of results from diverse data sources provides comprehensive insights into the effectiveness and challenges of leveraging social media for community resilience in the aftermath of disaster events. © 2025 The Author(s). Published by Informa UK Limited, trading as Taylor & Francis Group.","community resilience; Crisis response; Facebook groups; grassroots mobilization; social media; topic modeling","Data mining; Emergency services; Sentiment analysis; Tweets; Belgium; Community resiliences; Crisis response; Facebook; Facebook group; Grassroot mobilization; Mobilisation; Social media; Social media platforms; Topic Modeling; community response; disaster management; disaster relief; local participation; social media; Social networking (online)","English","Article","Scopus"
"Valinejad J.; Mili L.","Valinejad, Jaber (56531955700); Mili, Lamine (7003600460)","56531955700; 7003600460","Cyber-Physical-Social Model of Community Resilience by Considering Critical Infrastructure Interdependencies","2023","16","10.1109/JIOT.2023.3277450","https://www.scopus.com/pages/publications/85160245517?origin=resultslist","Each year, several disasters occur, resulting in enormous human, infrastructural, and economic losses. To minimize losses and ensure an adequate emergency response, it is vital to prepare the community for greater shock absorption and recovery after an occurrence. This raises the concept of community resilience and also demands appropriate metrics and prediction models for improved preparedness and adaptability. While a community is impacted in three main ways during a disaster, namely social, physical, and cyber there are currently no tools to model their interrelationship. Thus, this article presents a multiagent cyber-physical-social model of community resilience, taking into account the interconnection of power systems, emergency services, social communities, and cyberspace. To validate the model, we used data on two hurricanes (Irma and Harvey) collected from Twitter, GoogleTrends, FEMA, power utilities, CNN, and Snopes (a fact-checking organization). We also describe methods for quantifying social metrics, such as the level of anxiety, risk perception, and cooperation using social sensing, natural language processing, and text mining tools. We examine the suggested paradigm through three different case studies: 1) hurricanes Irma and Harvey; 2) a group of nine agents; and 3) a society comprised of six distinct communities. According to the results, cooperation can positively change individual behavior. Relationships within a community are so crucial that a smaller population with greater empathy may be more resilient. Similar dynamic changes in social characteristics occur when two empathetic communities share resources after a disaster. © 2014 IEEE.","Community resilience; critical infrastructures; cyber-physical-social system; fake news; natural language processing; power systems; social media; urban computing","Cyber Physical System; Cybersecurity; Disaster prevention; Emergency services; Fault tolerance; Hurricanes; Internet of things; Losses; Multi agent systems; Natural language processing systems; Public works; Risk perception; Social networking (online); Community resiliences; Cybe-physical-social system; Cyber physicals; Fake news; Language processing; Natural language processing; Natural languages; Power; Power system; Resilience; Social media; Social systems; Urban computing; Critical infrastructures","English","Article","Scopus"
"Odell S.D.","Odell, Scott D. (57200119776)","57200119776","Desalination in Chile's mining regions: Global drivers and local impacts of a technological fix to hydrosocial conflict","2021","34","10.1016/j.jclepro.2021.129104","https://www.scopus.com/pages/publications/85115923269?origin=resultslist","This article examines the nature and impacts of an expansion of the use of desalinated seawater by the mining industry, within the context of climate change. Specifically, it investigates how and why large-scale desalination operations have been employed to respond to community-based conflict over scarce freshwater resources in mining regions, and with what effect. This question was examined through interviews, focus groups, and participant observation among community members, mining company representatives, and government officials in three case study sites in Chile that have experienced recent conflict over water: regions surrounding the Escondida and Los Pelambres mines, which are both employing desalination to resolve concerns over water, and the Andina mine, which is not. Methods also included interviews and a focus group with national-level stakeholders in the capital, Santiago, and analysis of data on water use in Chile's copper mining industry overall. Findings indicate that a broad range of stakeholders are optimistic about the potential for desalination to reduce conflict over water in mining regions. In practice, the intervention has eased tensions with and brought benefits to highland communities near mining operations, but is likely to displace socioenvironmental harms of mining to coastal regions. Moreover, the addition of seawater supplies to mining operations will not reduce freshwater use overall, but rather, permit an expansion of mining production and its associated local and global impacts. The article concludes that desalination cannot resolve socioenvironmental conflict in mining regions if the underlying political and economic structures that cause the need for them in the first place are not addressed. © 2021 Elsevier Ltd","Chile; Climate change; Conflict; Extractive industries; Political ecology; Water desalination","Climate change; Ecology; Economics; Seawater; Water filtration; Water supply; Chile; Conflict; Extractive industry; Focus groups; Large-scales; Local impacts; Mining operations; Over water; Political ecology; Water desalination; Desalination","English","Article","Scopus"
"Xu J.; Qiang Y.","Xu, Jinwen (57226779930); Qiang, Yi (36242248900)","57226779930; 36242248900","Analysing Information Diffusion in Natural Hazards using Retweets - a Case Study of 2018 Winter Storm Diego","2022","13","10.1080/19475683.2021.1954086","https://www.scopus.com/pages/publications/85112659849?origin=resultslist","Information diffusion on social media during disasters is an important indicator of community resilience. As a common natural hazard in the U.S., winter storms often cause adverse socio-economic impacts on human society. Understanding people’s perception and behaviours during winter storms is important to mitigate negative impacts and promote community resilience. This study applies text mining and spatial analysis methods on Twitter data during Winter Storm Diego on 2018 December. Different from previous studies focusing on original tweets, this study utilized retweets to model information diffusion in the contiguous United States and analysed the geographic distribution of information flows in various topics. The diffusion extent and direction of the storm-related retweets were compared among different topics. Kernel density maps and standard deviational ellipse were applied to model the spatial distribution of the retweets in different topics. The result shows that people outside of the affected areas expressed more negative sentiment towards the storm than people in the affected areas. Also, distance decay of retweet density has been found and the decay rate differs in different topics. These findings of the analyses will provide support for disaster relief, information communication and broadcasting through social media platforms. © 2021 The Author(s). Published by Informa UK Limited, trading as Taylor & Francis Group, on behalf of Nanjing Normal University.","kernel density; sentiment analysis; Social media; text mining; topic modelling","United States; data assimilation; disaster relief; information and communication technology; natural hazard; perception; social behavior; social media; social network; spatial analysis; spatial distribution; storm; technology diffusion; winter","English","Article","Scopus"
"Jiang H.; Qiang M.; Lin P.","Jiang, Hanchen (56188386100); Qiang, Maoshan (23006096200); Lin, Peng (36189833900)","56188386100; 23006096200; 36189833900","Assessment of online public opinions on large infrastructure projects: A case study of the Three Gorges Project in China","2016","85","10.1016/j.eiar.2016.06.004","https://www.scopus.com/pages/publications/84978284976?origin=resultslist","Public opinion becomes increasingly salient in the ex post evaluation stage of large infrastructure projects which have significant impacts to the environment and the society. However, traditional survey methods are inefficient in collection and assessment of the public opinion due to its large quantity and diversity. Recently, Social media platforms provide a rich data source for monitoring and assessing the public opinion on controversial infrastructure projects. This paper proposes an assessment framework to transform unstructured online public opinions on large infrastructure projects into sentimental and topical indicators for enhancing practices of ex post evaluation and public participation. The framework uses web crawlers to collect online comments related to a large infrastructure project and employs two natural language processing technologies, including sentiment analysis and topic modeling, with spatio-temporal analysis, to transform these comments into indicators for assessing online public opinion on the project. Based on the framework, we investigate the online public opinion of the Three Gorges Project on China's largest microblogging site, namely, Weibo. Assessment results present spatial-temporal distributions of post intensity and sentiment polarity, reveals major topics with different sentiments and summarizes managerial implications, for ex post evaluation of the world's largest hydropower project. The proposed assessment framework is expected to be widely applied as a methodological strategy to assess public opinion in the ex post evaluation stage of large infrastructure projects. © 2016 Elsevier Inc.","China; Public opinion assessment; Sentiment analysis; Social media; Three Gorges Project; Topic modeling","China; Three Gorges; Concrete dams; Data mining; Modeling languages; Natural language processing systems; Social networking (online); China; Public opinions; Sentiment analysis; Social media; Three Gorges project; Topic Modeling; assessment method; development project; hydroelectric power; infrastructure planning; numerical model; participatory approach; perception; project assessment; public attitude; social media; spatiotemporal analysis; Social aspects","English","Article","Scopus"
"Mulyanie E.; Rohmat D.; Setiawan I.; Waluya B.","Mulyanie, Erni (59521026300); Rohmat, Dede (57202301412); Setiawan, Iwan (60372338100); Waluya, Bagja (57224233304)","59521026300; 57202301412; 60372338100; 57224233304","ENVIRONMENTAL DEGRADATION AND LAND USE CHANGE: AN INTERDISCIPLINARY ECOLOGICAL PERSPECTIVE","2025","0","","https://www.scopus.com/pages/publications/105023294880?origin=resultslist","This study assessed environmental issues and land use change in Tasikmalaya, West Java, Indonesia, through an interdisciplinary perspective. Field observations, assessment mapping, photo documentation of rivers, hills, and mining sites, and structured interviews were used to integrate ecological, geographical, and social insights. Results: Sand mining and land conversion were associated with vegetation loss, soil erosion, river sedimentation, biodiversity decline, and shifting livelihoods from agriculture toward extractive work. Reasoning: These outcomes occurred because intensive resource exploitation, limited enforcement, and weak monitoring disrupted habitats, altered hydrological processes, and reduced ecosystem services, while constrained economic options increased household dependence on mining. Impact: The study informs ecosystem-based restoration and sustainable land management, including reforestation, riverbank stabilization, and rehabilitation of mined lands, combined with community participation and livelihood support, to rebuild ecological function and social resilience. The integrated evidence provides a spatially explicit basis for policy and targeted action in mining-affected landscapes. © School of Engineering, Taylor’s University.","Biodiversity loss; Ecosystem restoration; Environmental issues; Land use change; Sand mining","","English","Article","Scopus"
"Khusna N.I.; Sumarmi; Bachri S.; Astina I.K.; Susilo S.; Idris","Khusna, Nur Isroatul (57217099361); Sumarmi (57201353799); Bachri, Syamsul (48961044300); Astina, I Komang (57208471315); Susilo, Singgih (57192383013); Idris (57201618174)","57217099361; 57201353799; 48961044300; 57208471315; 57192383013; 57201618174","Social resilience and disaster resilience: A strategy in disaster management efforts based on big data analysis in Indonesian's twitter users","2023","19","10.1016/j.heliyon.2023.e19669","https://www.scopus.com/pages/publications/85169904837?origin=resultslist","Disasters have various causes, disaster management efforts, and actors involved. A systematic big data analysis is needed to identify social resilience to determine the quality of the country's resilience on disasters. This study aims to (1) determine perceptions about the causes of disasters and (2) understand perceptions of disaster management efforts. (3) identify actors involved in disasters. (4) analyze the relationship between social resilience and disaster resilience using large data sources. (5) formulate a disaster management. The research was conducted by describing in detail from the opinions of the twitter user community about disasters using the text mining method. The data retrieval and analysis process was carried out using Computer-Assisted Qualitative Data Analysis Software (CAQDAS) with MAXQDA series 2020, Gephi version 0.10.0 and SWOT analysis. The results of the study show: (1) Most of the perceptions of the causes of disasters are associated with religion; (2) Most of the perceptions about disaster management efforts are based on the application of disaster management at the recovery stage; and (3) The actors who are most involved in disaster management efforts are the security forces countries. (4) There is a strong relationship between social resilience and disaster resilience, as shown by each actor having a role in disaster management efforts. (5) There are nine formulations of development strategies in disaster management efforts. The limitation of this research is that it only uses big data from Twitter and social media sources. The implications of this research can be used as a reference for governments, organizations, communities, or others involved in disaster management efforts, especially in countries that have diversity and are prone to disasters. © 2023 The Authors","Big data; Disaster; Resilience; Social; Twitter","","English","Article","Scopus"
"Torso K.; Cooper C.M.; Helkey A.; Meyer C.; Kern A.L.; Wardropper C.B.","Torso, Kathleen (57209365627); Cooper, Courtney Marie (57578607800); Helkey, Andy (57202400420); Meyer, Chris (56300955800); Kern, Anne L. (21742693900); Wardropper, Chloe Bradley (56495415800)","57209365627; 57578607800; 57202400420; 56300955800; 21742693900; 56495415800","Participatory research approaches in mining-impacted hydrosocial systems","2020","12","10.1080/02626667.2020.1808218","https://www.scopus.com/pages/publications/85091009440?origin=resultslist","As demonstrated by Indigenous and rural scholars, participatory research approaches can facilitate capacity building, promote data accessibility, and accomplish community goals within complex hydrosocial systems. To demonstrate challenges and opportunities for participatory research, we describe hydrosocial territories in a mining-impact region in northern Idaho. We then compare two community-university partnerships in the study region, which included Tribal and non-Tribal rural communities. We find that the Participatory Action Research and Indigenous Research Methodologies frameworks provide a robust set of practices and methods for conducting more equitable and inclusive research. Further, participatory research approaches in research involving mining-impacted hydrosocial systems should: (1) build from established programs, goals, and practices; (2) identify respectful levels of partnership engagement, and (3) recognize partnership limitations. Future inquiry in complex hydrosocial systems should continue to build from the existing collection of participatory scholarship to address power imbalances and cultural differences and implement non-intrusive approaches to evaluate outcomes. © 2020 The Author(s). Published by Informa UK Limited, trading as Taylor & Francis Group.","hydrosocial territories; Indigenous Research Methodologies; mining-impacted regions; Participatory Action Research","Idaho; United States; Capacity building; Cultural difference; Data accessibility; Non-intrusive approach; Participatory action research; Participatory research; Research methodologies; University partnership; accessibility; capacity building; data set; indigenous population; mining; participatory approach; research; Hydrology","English","Article","Scopus"
"Ren H.; Zhang L.; Mohaimin Sadri A.; Emel Ganapati N.; Whetsell T.A.","Ren, Hang (57759740000); Zhang, Lu (57196125249); Mohaimin Sadri, Arif (55673568000); Emel Ganapati, N. (26534101400); Whetsell, Travis A. (47562184500)","57759740000; 57196125249; 55673568000; 26534101400; 47562184500","Social Media Data Mining of Stakeholder Value Systems on Community Resilience in Florida","2024","4","10.1061/9780784485248.003","https://www.scopus.com/pages/publications/85184097160?origin=resultslist","Building disaster-resilient communities requires a better understanding of what community stakeholders value regarding resilience. Communities with various characteristics (e.g., geographic, demographic, social vulnerabilities) are expected to prioritize resilience strategies to align with the value systems of their stakeholders. Stakeholder values include the aspects that are of importance, merit, and provide utilities to them, and stakeholders from different communities may hold values with varying degrees of importance, forming their distinct value systems. Despite the importance of involving stakeholders in resilience planning, there is limited awareness of stakeholder value systems with respect to resilience planning. To address this gap, this study focused on identifying stakeholder value systems and analyzing how the value systems vary across different communities (i.e., coastal vs. inland; metropolitan vs. non-metropolitan; more vs. less socially vulnerable). A semi-supervised learning technique - anchored correlation explanation (anchored CorEx) - was used to analyze the social media data (i.e., Twitter) collected within the Florida communities. The results demonstrate that communities with various characteristics have significantly different priorities regarding several stakeholder values. The findings of this study could inform policymakers to better plan for community resilience by aligning their strategies with stakeholder value systems, thereby increasing the effectiveness and efficiency of implementing resilience practices. © ASCE 2023.All rights reserved.","","Data mining; Disasters; Learning systems; Community resiliences; Florida; Geographics; Resilience strategy; Semi-supervised learning techniques; Social media data minings; Social media datum; Social vulnerability; Stakeholder values; Value systems; Social networking (online)","English","Conference paper","Scopus"
"Enayatighadikolaei H.; Suzuki T.; Mäll M.; Soltanpour M.","Enayatighadikolaei, Hesamodin (59420065000); Suzuki, Takayuki (55731656200); Mäll, Martin (57195292478); Soltanpour, Mohsen (22939073300)","59420065000; 55731656200; 57195292478; 22939073300","Integrating the Bruun rule with sediment compatibility analysis for shoreline change evaluation under water level fall","2026","0","10.1016/j.margeo.2025.107701","https://www.scopus.com/pages/publications/105028333032?origin=resultslist","Shoreline progradation in enclosed basins such as the Caspian Sea—driven by climate-induced hydrological change—poses unique challenges for coastal prediction, as most existing models were developed for water-level rise and open-coast dynamics. The original Bruun rule assumes a closed sediment budget and therefore tends to overpredict shoreline advance under falling water levels, overlooking the offshore loss of finer sediment fractions. To address this gap, the study introduces a new index, the Compatibility Index (CI), and integrates it into the Bruun rule, comparing six CI methods across six sandy and two sandy–gravel monitoring stations. While the Bruun rule was originally designed for sandy beaches, its applicability was extended here to mixed sand–gravel profiles. A practical decision framework—combining acceptable CI ranges from three prioritized methods and local bed slope—identifies an optimal CI (CIO) for each station. Shoreline change from 2013 to 2022 was tracked using cross-shore profiles and high-resolution satellite imagery. Incorporating the CIO into the Bruun rule reduced root mean square error from 61.3 m to 21.4 m, mean absolute error from 49.0 m to 16.6 m, and mean bias error from 49.0 m to 14.6 m, improving prediction accuracy by 73.2%. The resulting model delivers robust, site-specific shoreline forecasts and provides a practical tool for coastal managers planning setback zones or adaptation strategies in enclosed-basin environments, while offering a transferable framework for similar settings worldwide. © 2026 Elsevier B.V.","Beach nourishment framework; Compatibility index; Enclosed-basin dynamics; Sediment budget adjustment; Shoreline advancement; Shoreline change prediction","Caspian Sea; Beaches; Climate change; Climate models; Coastal zones; Errors; Forecasting; Gravel; Mining laws and regulations; Sand; Sediments; Shore protection; Water levels; Basin dynamics; Beach nourishment; Beach nourishment framework; Change prediction; Compatibility index; Enclosed-basin dynamic; Sediment budget adjustment; Sediment budgets; Shoreline advancement; Shoreline change; Shoreline change prediction; beach; local adaptation; progradation; satellite imagery; sediment budget; shoreline change; water level; Budget control; Mean square error","English","Article","Scopus"
"Maldonado-Santana C.; Torres-Valle A.; Franco-Billini C.; Jauregui-Haza U.J.","Maldonado-Santana, Casimiro (59507191000); Torres-Valle, Antonio (55928093000); Franco-Billini, Carol (55753200200); Jauregui-Haza, Ulises Javier (6602155547)","59507191000; 55928093000; 55753200200; 6602155547","Risk Perception in the Nigua River Basin: Key Determinants and Policy Implications","2025","1","10.3390/w17010045","https://www.scopus.com/pages/publications/85214466289?origin=resultslist","The Nigua River basin in the Dominican Republic is a critical hydrographic area facing significant environmental challenges, including deforestation, soil erosion and pollution from mining and agricultural activities. This study explores the role of risk perception among local residents in shaping policies for the basin’s sustainable management. The research aims to identify the factors influencing risk perception and propose actionable strategies to improve environmental governance in the region. A “perceived risk profile” methodology was applied, using survey data from 1223 basin residents. The analysis identified key variables that influence risk perception, including demographic factors such as education, gender, and place of residence. The findings reveal that risk underestimation correlates with low awareness of risks, uncertainty about the origins of disasters, fatalism toward natural events, and low trust in institutions. In contrast, risk over-estimation is linked to infrequent risk communication, heightened catastrophism and a strong emphasis on the benefits of environmental protection. The study also highlights significant regional differences in risk perception, with residents of the lower basin exhibiting higher perceptions of risk due to cumulative pollution and frequent disaster impacts. Based on these insights, the study recommends targeted strategies to bridge risk perception gaps, including tailored risk communication, community-based environmental education and stronger institutional trust-building initiatives, all aimed at fostering more effective and inclusive environmental governance in the Nigua basin. © 2024 by the authors.","basin; impact; objective risk; resilience; risk perception; sustainable development","Dominican Republic; Hispaniola; Basin; Environmental governances; Impact; Key determinants; Key policies; Objective risk; Policy implications; Resilience; Risk communication; River basins; deforestation; environmental education; mining; policy implementation; research work; risk perception; soil erosion; sustainable development","English","Article","Scopus"
"Dougherty M.L.; Olsen T.D.","Dougherty, Michael L. (39261293800); Olsen, Tricia D. (26431460300)","39261293800; 26431460300","Taking Terrain Literally: Grounding Local Adaptation to Corporate Social Responsibility in the Extractive Industries","2014","46","10.1007/s10551-013-1643-0","https://www.scopus.com/pages/publications/84893659192?origin=resultslist","Since the early 1990s, the extractive industries have increasingly valued corporate social responsibility (CSR) in the communities where they operate. More recently, these industries have begun to recognize the importance of adapting CSR efforts to unique local contexts rather than applying a one-size-fits-all model. However, firms understand local context to mean culture and treat the physical properties of the host region-topography, geology, hydrology, and climate-as the exclusive purview of mineral geologists and engineers. In this article, we examine the organization of CSR at two industrial-scale gold mines in Guatemala, owned by the same firm, which yielded starkly distinct levels of support among host community residents. We develop the idea of social terrain to convey the way in which the biophysical environment informs local social relations and imbues phenomena with particular social meanings. We argue that firms must account for social terrain in organizing for CSR. The literature struggles to provide guidelines for identifying and understanding stakeholders. Social terrain, we argue, can begin to bridge this gap between theory and practice. © 2013 Springer Science+Business Media Dordrecht.","Business and society; Corporate social responsibility (CSR); Extractive industries; Gold mining; Guatemala; Materiality; Political CSR; Social terrain","","English","Article","Scopus"
"Bondinuba F.K.; Ayine P.K.; Mewomo C.M.","Bondinuba, Francis Kwesi (57192710635); Ayine, Phillip Kofi (60412993800); Mewomo, Cecilia Modupe (60286599300)","57192710635; 60412993800; 60286599300","Synthesis of Small-Scale Mining Community Flood Vulnerability and Resilience Strategy in Ghana","2025","0","10.1007/978-3-031-89195-3_21","https://www.scopus.com/pages/publications/105030918118?origin=resultslist","The impacts of floods on communities can be devastating, leading to loss of property, displacement, and even the loss of lives. Despite efforts to address flood risks, the academic community’s understanding is still low. This paper synthesises the factors influencing flood vulnerability and the resilience strategies of three small-scale mining (SSM) communities in Ghana. The study employed interviews, document reviews and content analysis. The flood vulnerability factors include physical, social, economic, and environmental aspects. The effective coping strategies identified include participatory, community engagement, community-based disaster risk management, policy-level, and individual-level strategies. It can be concluded that illegal small-scale mining communities in Ghana are vulnerable to floods without any proactive measures to minimise the detrimental impact on the lives of the residents. Effective flood management programmes should be implemented in small-scale mining communities to increase their preparedness for the impact of floods. The study’s limitations include limited sample size, biased responses from respondents, and challenges in controlling the quality of the qualitative data. The paper provides insights into possible interventions to mitigate the impact of floods in small-scale mining communities. © The Author(s), under exclusive license to Springer Nature Switzerland AG 2025.","","Data mining; Disasters; Floods; Risk management; Academic community; Document contents; Flood risks; Flood vulnerabilities; Impact of floods; Loss of life; Mining communities; Property; Resilience strategy; Small-scale mining; Flood control","English","Book chapter","Scopus"
"Bayón A.; Valero D.; Franca M.J.","Bayón, Arnau (57188591205); Valero, Daniel (57188590466); Franca, Mário J. (8858902100)","57188591205; 57188590466; 8858902100","Urban flood drifters (UFD): Identification, classification and characterisation","2024","13","10.1111/jfr3.13002","https://www.scopus.com/pages/publications/85193546632?origin=resultslist","Extreme floods threaten lives, assets and ecosystems, with the largest impacts occurring in urbanised areas. However, flood mitigation schemes generally neglect the fact that urban floods carry a considerable amount of solid load. In this study, we define urban flood drifters (UFDs) as loose objects present in the urban landscape that can become mobile under certain flow conditions, thereafter blocking drainage infrastructure and endangering both downstream and upstream communities. Based on 270 post-flood photographic records from 63 major inundations of the past quarter-century across 46 countries, we provide a comprehensive analysis of UFDs and their flood-hazard implications. We show that a variety of vehicles, furniture and a heterogeneous mixture of drifters are present in post-flooding scenarios. Plastic, construction debris and wood (natural or anthropogenic) dominate the statistics of transported drifters in urban floods (with frequencies of roughly 50%–60% each), followed by cars (present in 31.5% of post-flood images). Other heavy vehicles are readily observed in post-flood imagery and furniture such as bins, garden sheds or water tanks also appear occasionally, therefore suggesting that they can play a relevant role in extreme floods. © 2024 The Author(s). Journal of Flood Risk Management published by Chartered Institution of Water and Environmental Management and John Wiley & Sons Ltd.","blocking; data mining; drainage; dumpster; flood risk; infrastructure; plastic; vehicle; wood","classification; data mining; drainage network; extreme event; flood damage; hazard assessment; infrastructure; plastic; wood","English","Article","Scopus"
"Jacinto R.; Reis E.; Ferrão J.","Jacinto, R. (57207605352); Reis, E. (7103146725); Ferrão, J. (6601980559)","57207605352; 7103146725; 6601980559","Indicators for the assessment of social resilience in flood-affected communities – A text mining-based methodology","2020","32","10.1016/j.scitotenv.2020.140973","https://www.scopus.com/pages/publications/85089155928?origin=resultslist","This work turns the social resilience concept into a practical and tangible set of dimensions and indicators for social resilience assessment. It further provides an analysis of the social resilience concept in the context of flood risk governance. Floods are a worldwide recurring phenomenon that causes severe social, economic and environmental losses. In the context of global change, it is very difficult to accurately predict extreme events that may increase disaster frequency; hence the implementation of social resilience is essential to lessen the losses. Indeed, the right balance between natural and social factors and indicators is yet to be found. Social resilience has been debated extensively for decades, both in scientific and political contexts. It has been a concern in disaster risk reduction and risk governance fields, both of which have strived to implement it. The enlarged conceptual discussion regarding this topic has resulted in some indicator-based assessments that hardly reflect the conceptual discussion developed so far. These indicator-based approaches still lack accurate inclusion of social dynamics and the capacity to learn from experience. In order to contribute to a comprehensive approach (concept and methods) for assessing social resilience to floods, the evolutionary resilience concept (Davoudi, Simin; Shaw, Keith; Haider, L. Jamila; Quilnlan, Allyson E; Petterson, Garry D.; Wilkinson, Cathy; Fünfgeld, Hartmut; McEvoy, Darryn; Porter, 2012) was considered as a reference in this work, as it can include dimensions that are difficult to evaluate (non-static time and learning-capacity in multi-dimensional systems). This work addresses the challenge of a conceptual overview of social resilience to include key factors and indicators. Our methodology uses text mining, experts' surveys and bibliography reviews to generate an indicators database. The contribution of this article to the scientific debate on social resilience assessment is twofold. First, the key-concepts, words and expressions in this field are identified, which provides the basis to build a comprehensive and coherent analytical framework. Secondly, an original indicators database is proposed in line with that framework. The results of a text mining-based methodology and an online survey, involving experts from different countries, show that four of the six dimensions of the indicators database refer to social aspects of risks (Individuals, Society, Governance, and Built Environment), while the remaining two refer to the Environment and Disaster. The results obtained so far suggest the need for a next step aiming to validate the dimensions and the indicators of this database through its application to real case studies. © 2020 Elsevier B.V.","Experts' opinions; Floods; Resilience indicators; Social resilience; Text mining","Data Mining; Disasters; Floods; Humans; Surveys and Questionnaires; Database systems; Disasters; Floods; Risk assessment; Social aspects; Surveys; Built environment; Disaster risk reductions; ITS applications; Learning capacity; Multidimensional systems; Political context; Risk governance; Social dynamics; accuracy assessment; analytical framework; conceptual framework; database; disaster management; flood damage; flooding; governance approach; risk assessment; social impact assessment; adult; article; built environment; disaster; flooding; global change; human; learning; mining; risk reduction; social aspect; data mining; disaster; questionnaire; Text mining","English","Article","Scopus"
"Michelsen N.; Dirks H.; Schulz S.; Kempe S.; Al-Saud M.; Schüth C.","Michelsen, N. (55806220000); Dirks, H. (25031170200); Schulz, S. (57189596443); Kempe, S. (56229105800); Al-Saud, M. (55206709300); Schüth, C. (6701510253)","55806220000; 25031170200; 57189596443; 56229105800; 55206709300; 6701510253","YouTube as a crowd-generated water level archive","2016","40","10.1016/j.scitotenv.2016.05.211","https://www.scopus.com/pages/publications/84973343743?origin=resultslist","In view of the substantial costs associated with classic monitoring networks, participatory data collection methods can be deemed a promising option to obtain complementary data. An emerging trend in this field is social media mining, i.e., harvesting of pre-existing, crowd-generated data from social media. Although this approach is participatory in a broader sense, the users are mostly not aware of their participation in research.Inspired by this novel development, we demonstrate in this study that it is possible to derive a water level time series from the analysis of multiple YouTube videos. As an example, we studied the recent water level rise in Dahl Hith, a Saudi Arabian cave. To do so, we screened 16 YouTube videos of the cave for suitable reference points (e.g., cave graffiti). Then, we visually estimated the distances between these points and the water level and traced their changes over time. To bridge YouTube hiatuses, we considered own photos taken during two site visits. For the time period 2013-2014, we estimate a rise of 9.5 m. The fact that this rise occurred at a somewhat constant rate of roughly 0.4 m per month points towards a new and permanent water source, possibly two nearby lakes formed from treated sewage effluent. An anomaly in the rising rate is noted for autumn 2013 (1.3 m per month). As this increased pace coincides with a cluster of rain events, we deem rapid groundwater recharge along preferential flow paths a likely cause. Despite the sacrifice in precision, we believe that YouTube harvesting may represent a viable option to gather historical water levels in data-scarce settings and that it could be adapted to other environments (e.g., flood extents). In certain areas, it might provide an additional tool for the monitoring toolbox, thereby possibly delivering hydrological data for water resources management. © 2016 Elsevier B.V.","Citizen science; Crowdsourcing; Dahl Hith; Participatory; Saudi Arabia; Social media mining","Saudi Arabia; Caves; Crowdsourcing; Groundwater; Groundwater flow; Information management; Sewage; Social networking (online); Time series analysis; Water levels; Water resources; ground water; rain; Citizen science; Dahl Hith; Participatory; Saudi Arabia; Social media minings; cave; data mining; participatory approach; social media; videography; water level; Article; data mining; flooding; lake; priority journal; Saudi Arabia; sewage effluent; social media; time series analysis; water level; water management; Effluents","English","Article","Scopus"
"Li J.; Tan Z.; Siddique A.; Ahmad H.; Rashid W.; Liu J.; Yang Y.","Li, Jiang (59757678700); Tan, Zhuoying (8645561200); Siddique, Aboubakar (57221977190); Ahmad, Hilal (58283053800); Rashid, Wajid (57197811460); Liu, Jianshu (58036590800); Yang, Yinglin (58998964700)","59757678700; 8645561200; 57221977190; 58283053800; 57197811460; 58036590800; 58998964700","GIS-Based Evaluation of Mining-Induced Water-Related Hazards in Pakistan and Integrated Risk Mitigation Strategies","2025","2","10.3390/w17131914","https://www.scopus.com/pages/publications/105010650343?origin=resultslist","Mining activities in Pakistan’s mineral-rich provinces threaten freshwater security through groundwater depletion, contamination, and flood-induced pollution. This study develops an Inclusive Disaster Risk Reduction (IDRR) framework integrating governance, social, environmental, and technical (GSET) dimensions to holistically assess mining-induced water hazards across Balochistan, Khyber Pakhtunkhwa, and Punjab. Using GIS-based spatial risk mapping with multi-layer hydrological modeling, we combine computational analysis and participatory validation to identify vulnerability hotspots and prioritize high-risk mines. Community workshops involving women water collectors, indigenous leaders, and local experts enhanced map accuracy by translating indigenous knowledge into spatially referenced mitigation plans and integrating gender-sensitive metrics to address gendered water access disparities. Key findings reveal severe groundwater depletion, acid mine drainage, and gendered burdens near Saindak and Cherat mines. Multi-sectoral engagements secured corporate commitments for water stewardship and policy advances in inclusive governance. The framework employs four priority-ranked risk categories (Governance-Economic 15%, Social-Community 30%, Environmental 40%, Technical-Geological 15%) derived via local stakeholder collaboration, enabling context-specific interventions. Despite data limitations, the GIS-driven methodology provides a scalable model for regions facing socio-environmental vulnerabilities. The results demonstrate how community participation directly shaped village-level water management alongside GSET analysis to craft equitable risk reduction strategies. Spatially explicit risk maps guided infrastructure upgrades and zoning regulations, advancing SDG 6 and 13 progress in Pakistan. This work underscores the value of inclusive, weighted frameworks for sustainable mining–water nexus management in Pakistan and analogous contexts. © 2025 by the authors.","community-based approaches; GIS-based spatial risk mapping; inclusive disaster risk reduction (IDRR); local governance; water resource vulnerability; water-related hazards","Baluchistan; Khyber; Pakistan; Punjab [Pakistan]; Tribal Areas; Disasters; Geographic information systems; Groundwater; Hazards; Mapping; Maps; Public policy; Risk analysis; Risk assessment; Water conservation; Water resources; Zoning; Community based approach; Disaster risk reductions; GIS-based spatial risk mapping; Inclusive disaster risk reduction; Local governance; Pakistan; Risk mappings; Water resource vulnerability; Water-related hazard; Waters resources; GIS; governance approach; indigenous knowledge; infrastructure; local participation; mapping; mining; mitigation; natural hazard; risk assessment; stakeholder; vulnerability; water management; water resource; Groundwater pollution","English","Article","Scopus"
"Musilová Z.; Musil P.; Zouhar J.; Šenkýřová A.; Pavón-Jordán D.; Nummi P.","Musilová, Zuzana (57213574099); Musil, Petr (6701779246); Zouhar, Jan (55767959200); Šenkýřová, Adéla (57326002300); Pavón-Jordán, Diego (55882061700); Nummi, Petri (7004167186)","57213574099; 6701779246; 55767959200; 57326002300; 55882061700; 7004167186","Changes in wetland habitat use by waterbirds wintering in Czechia are related to diet and distribution changes","2022","7","10.1111/fwb.13842","https://www.scopus.com/pages/publications/85118681472?origin=resultslist","Understanding species habitat use and factors affecting changes in their distributions are necessary to promote the conservation of any biological community. We evaluated the changes in wetland use of the non-breeding waterbird community. Based on long-term citizen-science data (1988–2020), we tested the hypotheses that wetland use is associated with species diet and potential range-shift drivers (the tendency to occupy the same sites in consecutive years—site affinity—and the species' average temperature across its wintering range—species temperature index). We analysed species-specific wetland use of 25 species of waterbirds wintering in Czechia over a period of 33 years. The analyses explained variability in trends in numbers of the studied waterbird species across four inland wetland types: reservoirs; fishponds; industrial waters created by flooding of former mining sites; and running waters. Trends in waterbird abundance positively correlated with species’ diet on fishponds, industrial and running waters. Among the diet groups, invertivores showed the largest increase in abundances on industrial waters, closely followed by herbivores. Herbivores showed the largest increase in abundances in fishponds, and piscivores did so in running waters. Regarding range-shift drivers, species with higher site affinity showed higher abundances on running waters, while species with low species temperature index (i.e. wintering on average in sites with lower temperature) were more abundant on reservoirs. The abundance of both warm-dwelling and species with low site affinity increased on fishponds and industrial waters. Our findings suggest that the increased importance of the wetland types considered here for wintering waterbirds is likely to be linked to diet related changes in habitat use and changes in species distributions; and highlight that wintering waterbirds are expected to select sites with higher availability of food, higher energy content, and lower foraging cost. Recent and rapid changes in species distributions may lead to a decrease in the effectiveness of national and international conservation efforts. When planning conservation measures, it should be kept in mind that climate change does not only imply large-scale north/north-eastwards shifts of entire waterbird distributions, but can also modify the use of the habitats by waterbird species inside their traditional wintering range. © 2021 John Wiley & Sons Ltd.","","","English","Article","Scopus"
"Cornejo P. S.M.; Niewöhner J.","Cornejo P., Sascha M. (57377113000); Niewöhner, Jörg (6602651604)","57377113000; 6602651604","How central water management impacts local livelihoods: An ethnographic case study of mining water extraction in tarapacá, chile","2021","7","10.3390/w13243542","https://www.scopus.com/pages/publications/85121419227?origin=resultslist","Chile’s neoliberal central water management gives shape to a series of conflicts arising from diverse understandings and ways of life linked to water. This article addresses the question of who is responsible for the ecological costs regarding water use of mining activity in the north of Chile. From the perspective of hydro-social territories, we analyze how the local population in Tarapacá is acting on unequal footing regarding environmental information and knowledge. Local and practical experiences are devalued against technical and scientific modeling, supported by legal and political definitions of “the environment” and “water”. Focusing on diverse local narratives, we show how the local population feels threatened by the environmental impacts of mining activity but struggles to find legitimate ways of articulating those anxieties to gain a sense of agency. We conclude that the local ecological consequences of extractivism in this region can only be understood in the context of the wider legal and economic framework regulating the appropriation of water as a resource and that long-term efforts in more participatory sociohydrological modeling might help to broaden the knowledge base for contested decision-making. © 2021 by the authors. Licensee MDPI, Basel, Switzerland.","Atacama Desert; Chilean water code; Environmental conflicts; Hydro-social territories; Hydrological modeling; Local knowledge; Neoliberalism","Chile; Codes (symbols); Decision making; Environmental impact; Environmental regulations; Knowledge based systems; Atacama Desert; Chilean water code; Environmental conflict; Hydro-social territory; Hydrological models; Local knowledge; Local populations; Mining activities; Neoliberalism; Waters managements; decision making; environmental impact; ethnography; extraction method; footing; hydrological modeling; livelihood; participatory approach; territory; water management; Water management","English","Article","Scopus"
"Ongoma V.","Ongoma, Victor (56381579600)","56381579600","Climate Change and Rainfall Extremes in Africa","2025","0","10.1016/C2023-0-50741-4","https://www.scopus.com/pages/publications/105011430751?origin=resultslist","Climate Change and Rainfall Extremes in Africa: Occurrence, Impacts and Adaptation provides the latest developments on extreme rainfall in Africa, along with an analysis of current impacts, future implications, and community adaptations. The book's chapters are organized into three parts: 1) Understanding Rainfall Extremes, 2) Regional Rainfall and Hydrological Extremes, and 3) Prediction, Impacts, and Adaptation to Rainfall Extremes. Specific sections examine rainfall variability in Africa (and across the world), how climate change has contributed to the increasing severity of events, focus on different regions and various meteorological extremes, including tropical cyclones, drought, flooding, rising water levels, and changes in rainfall concentration. Final sections look ahead to the future of forecasting rainfall, economic implications, damage assessment, adaptation, community resilience, and risk reduction measures. This timely resource will deepen readers' understanding of how climate change and extreme rainfall in Africa (and elsewhere) are impacting communities and what can be done to mitigate the effects. © 2025 Elsevier Inc. All rights are reserved, including those for text and data mining, AI training, and similar technologies.","","Climate change; Data mining; Extreme weather; Rain; Risk assessment; Tropical cyclone; 'current; Extreme rainfall; Floodings; Hydrological extremes; Impacts and adaptation; Latest development; Meteorological extremes; Rainfall extremes; Rainfall variability; Tropical cyclone; Damage detection","English","Book","Scopus"
"Sophat S.; Chandara P.; Claassen A.H.","Sophat, Seak (57205183347); Chandara, Phat (57205186006); Claassen, Andrea H. (55507056100)","57205183347; 57205186006; 55507056100","assessment of local community perceptions of biodiversity conservation in the 3S rivers of cambodia: using a knowledge, attitudes, and practices (KAP) approach","2019","7","10.1007/978-3-319-90400-9_12","https://www.scopus.com/pages/publications/85058975538?origin=resultslist","The Sekong, Sesan, and Srepok (3S) Rivers in Southeast Asia provide critical habitat for wildlife and support many threatened species. The Sesan and Sekong Rivers are regarded as Important Bird Areas, which recognizes their exceptional avian diversity and critical role in supporting waterbird populations. Additionally, these rivers provide diverse natural resources and ecosystem services that support the livelihoods of millions of people of riparian countries. However, the 3S Rivers are under severe threat from hydropower development, habitat destruction, economic land concessions, extractive industries, and illegal logging. In response to these threats, a community-based conservation program was implemented for waterbirds that utilized direct payments to communities for bird nest protection. Community participation is key to effective biodiversity conservation. However, few studies have assessed local perceptions of community-based conservation programs. Therefore, we conducted a knowledge, attitudes, and practices survey of selected communities along the 3S Rivers to understand community perceptions about the nest protection program. According to the local communities, waterbird populations increased and threats decreased as a result of the program. Overall, communities had positive impressions of the program and believed the program provided them with significant livelihood benefits. The results of this research will be used as educational and diagnostic tools to assess the effectiveness of the conservation program to meet community needs and to be able to improve this and other such community-based programs in the future. © 2019, Springer International Publishing AG, part of Springer Nature.","3S rivers; Biodiversity conservation; KAP survey; Payments for ecosystem services","","English","Book chapter","Scopus"
"Fien J.; Charlesworth E.","Fien, John (6602492924); Charlesworth, Esther (24466471800)","6602492924; 24466471800","Addressing the Wicked Problem of Systemic Disaster Risk in the Anthropocene","2025","0","10.1079/9781800624153.0004","https://www.scopus.com/pages/publications/105026066384?origin=resultslist","The Anthropocene is characterised by the interconnected problems of economic disruption, urban decay, inequality, political inertia, land degradation, and climate change. Together, these constitute a polycrisis, which is multiplying the impacts of hazard risks and increasing the potential for disasters. However, many communities fail to recognise these interconnections and are largely unprepared when disasters strike, or do not appreciate that the heaviest burdens of disasters mostly fall on poor and vulnerable people who have limited resources to cope. Too often, engineering works, such as stream straightening, levee banks, and sea walls against floods and sea-level rise, are seen as the solution. While these can mitigate immediate impacts, they fail to address the root causes of a disaster, which reside not in the environmental hazard per se but in the socio-economic and political drivers of vulnerability. Thus, it is often said that disasters are a function of ‘systemic risks’ that create wicked problems. This chapter begins by outlining the complex nature of systems and systemic risks in the Anthropocene and how these are leading to increasing compound disasters and cascading impacts that reverberate through systems. This means that disaster mitigation and recovery need to be treated as wicked problems. The chapter explains the characteristics that make disaster risk management wicked and the challenges of seeking resolutions to them. Nevertheless, a range of strategies for addressing these challenges is emerging, including appreciative enquiry, community-based adaptation, strategic foresight, and systemic design. The chapter concludes by outlining the principles shared by these strategies and illustrates these with the example of the steps involved in systemic design as a meta-approach to addressing the wicked problem of disaster risk in the Anthropocene. © CAB International 2025. All rights, including for text and data mining, AI training, and similar technologies, are reserved.","","Climate change; Data mining; Disasters; Economics; Hazards; Risk management; Anthropocene; Engineering works; Hazard risks; Land degradation; Root cause; Sea level rise; Sea-walls; Systemic designs; Systemic risks; Wicked problems; Sea level","English","Book chapter","Scopus"
"","","","TXT-tool 4.066-1.1 community-based landslide risk management approaches","2018","0","10.1007/978-3-319-57777-7_39","https://www.scopus.com/pages/publications/85045864612?origin=resultslist","In recent times landslides and mass movements have become widespread events, posing great problems and serious challenges to development, especially in mountainous areas of developing nations in Asia. Landslides have increased both in frequency and intensity and have assumed catastrophic and disastrous proportions in a number of countries, causing extensive damage to life and property. Mass movements occur as a result of heavy precipitation or as a secondary hazard triggered by geological events such as earthquakes or volcanic eruptions. In addition to those triggering factors, increases in landslide occurrence have been associated with a combination of factors, including geology, topography, morphometry, climate, and human activities that directly or indirectly contribute to the phenomena of slope instability. Landslides are often triggered in areas with a past history of landslides and reducing the risk due to landslides using community-based approaches is considered as an effective measure for reducing the damage from landslides. In most areas, development activities seem to be responsible for new landslides, as well as reactivation of dormant landslides. The community members are the first responders to any disaster event at local level. Therefore they should understand the signs of impending landslides or slope destabilization, and have knowledge of potential high hazard areas, and ways of avoiding exposure. It is also appropriate to develop hazard maps for landslide-prone areas using community-based risk assessment tools and undertake preparedness planning with affected communities. They also should be warned in time through constant monitoring, and early warning of potential reactivation. In addition, slow-moving slides on hill slopes need constant monitoring, as many developing countries in Asia cannot afford to undertake mitigation measures or to resettle people to safer areas after identification of the potential threat. Hence the purpose of this training session is to create awareness of possible community-based interventions so that local government level officials will be able to build the capacity of the local or community-level stakeholders on landslide-related issues and involve them actively in landslide risk management activities. In the same way, many landslides are triggered by inappropriate practices in construction on hill slopes, land uses such as agriculture, excavations, and mining practices. Communities living in areas with a history of landslides should understand the factors causing the landslides and mitigation measures that can be undertaken to minimize losses. This session deals with community-based interventions such as hazard, vulnerability and risk mapping, preparedness planning, mitigation interventions and community-level training to improve first responder capacity for early warning evacuation and undertaking preparedness measures at a community level. © Springer International Publishing AG 2018. All rights are reserved.","Community level early warning community first responders; Participatory risk assessment; Risk-resource-evacuation mapping","Developing countries; Geology; Hazards; Land use; Mapping; Personnel training; Risk assessment; Risk management; Volcanoes; Community based approach; Development activity; First responders; Heavy precipitation; Landslide risk managements; Landslide-prone areas; Mitigation measures; Risk assessment tool; Landslides","English","Book chapter","Scopus"
"Liang W.; Xue Y.","Liang, Weijing (59387025700); Xue, Ye (15128353400)","59387025700; 15128353400","Sustainability Study of Community Disaster Resilience Evolution Trends Based on Dissipative Structure Theory","2024","1","10.1109/ACCESS.2024.3479096","https://www.scopus.com/pages/publications/85207634697?origin=resultslist","The assessment and improvement of community disaster resilience are crucial for sustainable community development. This study explores the assessment and evolutionary trends of community disaster resilience using the PSR model, supported by fuzzy data mining methods. The evolution mechanism of community resilience is analyzed based on dissipative structure theory, and a dynamic evolutionary model is constructed using the Brusselator framework. The model is applied to 130 communities in Taiyuan City, providing insights into their spatiotemporal characteristics and identifying key factors driving the sustained upward trends in disaster resilience, especially under increased disaster risk pressures. The findings reveal a close relationship between resilience trends and the balance between pressure and response. When these factors are imbalanced, resilience stagnates or worsens; when coordinated, resilience improves. The key capacities that influence resilience sustainability are adaptive, learnable, and have regional spatiotemporal impacts. This study contributes by integrating multiple models and algorithms to assess community resilience, proposing a dynamic evolutionary model, and validating its feasibility through case studies. The findings offer valuable guidance for decision-makers and researchers, enhancing the understanding of resilience evolution and promoting sustainable community development. © 2024 The Authors.","brusselsator model; Community disaster resilience; dissipative structure theory; PSR; sustainability","Sustainable development goals; Assessment and improvement; Brusselsator model; Community disaster resilience; Community resiliences; Disaster resiliences; Dissipative structure theories; Evolution trend; Evolutionary models; PSR; Sustainable community development; Sustainable city","English","Article","Scopus"
"Scholvin S.","Scholvin, Sören (55521600000)","55521600000","Failed development in global networks, exemplified by extractive industries in Bolivia and Ghana","2022","7","10.1080/04353684.2021.1991237","https://www.scopus.com/pages/publications/85117314422?origin=resultslist","For the World Bank, integration into the global economy is the path towards development. Its experts argue that the Global South will benefit from easing barriers to investment and trade, thus facilitating interaction between transnational corporations and local enterprises. Yet, there is growing scepticism regarding the prospects to develop in global networks. This article delves into their dark side. Following critical scholarship, the author suggests that integration into global networks is a process that creates winners and losers. It leads to uneven development. To analyse concrete mechanisms that underlie the process of failed development, he drafts a heuristic on exclusion, downgrading, and non-participation from/in global networks. This approach is tested against the backdrop of the hydrocarbon sector in Bolivia and Ghana. In Bolivia, indigenous suppliers suffer from downgrading, exclusion, and non-participation because of a recent shift to a turn-key model and sector-specific entry barriers. Ghana is marked by non-participation of local firms, mostly due to endogenous problems: corruption and institutional deficiencies, little industrialization, a high interest rate, and rent-seeking. These findings confirm that caution with regard to the possibilities to develop in global networks is justified, but they also indicate that not every development problem results from global network participation. © 2021 Swedish Society for Anthropology and Geography.","Bolivia; dark side; disarticulation; Ghana; global production network; resource periphery","Bolivia; Ghana; extraction; global economy; participatory approach; uneven development","English","Article","Scopus"
"Albrecht G.; Sartore G.-M.; Connor L.; Higginbotham N.; Freeman S.; Kelly B.; Stain H.; Tonna A.; Pollard G.","Albrecht, Glenn (7102097194); Sartore, Gina-Maree (23010132800); Connor, Linda (7006173358); Higginbotham, Nick (7003925385); Freeman, Sonia (7202138478); Kelly, Brian (7202842593); Stain, Helen (9940645100); Tonna, Anne (9940811800); Pollard, Georgia (23010137000)","7102097194; 23010132800; 7006173358; 7003925385; 7202138478; 7202842593; 9940645100; 9940811800; 23010137000","Solastalgia: The distress caused by environmental change","2007","1098","10.1080/10398560701701288","https://www.scopus.com/pages/publications/36348980465?origin=resultslist","Objective: Solastalgia is a new concept developed to give greater meaning and clarity to environmentally induced distress. As opposed to nostalgia - the melancholia or homesickness experienced by individuals when separated from a loved home - solastalgia is the distress that is produced by environmental change impacting on people while they are directly connected to their home environment. The paper will focus on two contexts where collaborative research teams have found solastalgia to be evident: the experiences of persistent drought in rural NSW and the impact of large-scale open-cut coal mining on individuals in the Upper Hunter Valley of NSW. In both cases, people exposed to environmental change experienced negative affect that is exacerbated by a sense of powerlessness or lack of control over the unfolding change process. Methods: Qualitative (interviews and focus groups) and quantitative (community-based surveys) research has been conducted on the lived experience of drought and mining, and the findings relevant to solastalgia are presented. Results: The authors are exploring the potential uses and applications of the concept of solastalgia for understanding the psychological impact of the increasing incidence of environmental change worldwide. Conclusions: Worldwide, there is an increase in ecosystem distress syndromes matched by a corresponding increase in human distress syndromes. The specific role played by global-scale environmental challenges to 'sense of place' and identity will be explored in the future development of the concept of solastalgia.","Coal mining; Distress; Drought; Psychoterratic; Solastalgia","Environment; Environmental Pollution; Focus Groups; Health Surveys; Humans; Internal-External Control; Mental Disorders; Mining; Natural Disasters; New South Wales; Rural Population; Stress, Psychological; Syndrome; article; Australia; coal mining; distress syndrome; drought; environmental change; environmental exposure; environmental impact; environmental stress; home environment; human; powerlessness; psychological aspect; qualitative research; quantitative study; solastalgia","English","Article","Scopus"
"Morine M.J.; Monteiro J.P.; Wise C.; Teitel C.; Pence L.; Williams A.; Ning B.; McCabe-Sellers B.; Champagne C.; Turner J.; Shelby B.; Bogle M.; Beger R.D.; Priami C.; Kaput J.","Morine, Melissa J. (26431080100); Monteiro, Jacqueline Pontes (7103134385); Wise, Carolyn (7102099994); Teitel, Candee (6602737604); Pence, Lisa (8290192700); Williams, Anna (7405835326); Ning, Baitang (35884656600); McCabe-Sellers, Beverly (8306398500); Champagne, Catherine (7006038946); Turner, Jerome (58424898600); Shelby, Beatrice (35345523100); Bogle, Margaret (7003928434); Beger, Richard D. (7004106777); Priami, Corrado (7004501318); Kaput, Jim (57207553217)","26431080100; 7103134385; 7102099994; 6602737604; 8290192700; 7405835326; 35884656600; 8306398500; 7006038946; 58424898600; 35345523100; 7003928434; 7004106777; 7004501318; 57207553217","Genetic associations with micronutrient levels identified in immune and gastrointestinal networks","2014","14","10.1007/s12263-014-0408-4","https://www.scopus.com/pages/publications/84904437208?origin=resultslist","The discovery of vitamins and clarification of their role in preventing frank essential nutrient deficiencies occurred in the early 1900s. Much vitamin research has understandably focused on public health and the effects of single nutrients to alleviate acute conditions. The physiological processes for maintaining health, however, are complex systems that depend upon interactions between multiple nutrients, environmental factors, and genetic makeup. To analyze the relationship between these factors and nutritional health, data were obtained from an observational, community-based participatory research program of children and teens (age 6-14) enrolled in a summer day camp in the Delta region of Arkansas. Assessments of erythrocyte S-adenosylmethionine (SAM) and S-adenosylhomocysteine (SAH), plasma homocysteine (Hcy) and 6 organic micronutrients (retinol, 25-hydroxy vitamin D3, pyridoxal, thiamin, riboflavin, and vitamin E), and 1,129 plasma proteins were performed at 3 time points in each of 2 years. Genetic makeup was analyzed with 1 M SNP genotyping arrays, and nutrient status was assessed with 24-h dietary intake questionnaires. A pattern of metabolites (met-PC1) that included the ratio of erythrocyte SAM/SAH, Hcy, and 5 vitamins were identified by principal component analysis. Met-PC1 levels were significantly associated with (1) single-nucleotide polymorphisms, (2) levels of plasma proteins, and (3) multilocus genotypes coding for gastrointestinal and immune functions, as identified in a global network of metabolic/protein-protein interactions. Subsequent mining of data from curated pathway, network, and genome-wide association studies identified genetic and functional relationships that may be explained by gene-nutrient interactions. The systems nutrition strategy described here has thus associated a multivariate metabolite pattern in blood with genes involved in immune and gastrointestinal functions. © 2014 The Author(s).","Community-based participatory research; Genetic analysis; Network analysis; Systems nutrition","","English","Article","Scopus"
"Flunker J.C.; Sanderson W.T.; Christian W.J.; Mannino D.M.; Browning S.R.","Flunker, John C. (56641853700); Sanderson, Wayne T. (7005322894); Christian, W. Jay (7006318256); Mannino, David M. (7005919220); Browning, Steven R. (7005801298)","56641853700; 7005322894; 7006318256; 7005919220; 7005801298","Environmental exposures and pulmonary function among adult residents of rural Appalachian Kentucky","2024","1","10.1038/s41370-023-00584-4","https://www.scopus.com/pages/publications/85169037008?origin=resultslist","Background: Estimated residential exposures of adults to roadway density and several metrics of resource extraction, including coal mining and oil and gas drilling, were hypothesized to contribute to the prevalence of respiratory disease in rural Appalachia. Objective: Determine how small-area geographic variation in residential environmental exposures impacts measures of pulmonary function among adults in a community-based study. Methods: We examined associations between residential environmental respiratory exposures and pulmonary function among 827 adult participants of the “The Mountain Air Project”, a community-based, cross-sectional study in Southeastern Kentucky during 2016–2018. Exposures characterized the density of roadways, oil/gas wells, or current/past surface and underground coal mining at the level of 14-digit hydrologic unit code (HUC), or valley “hollow” where participants resided. Each participant completed an in-person interview to obtain extensive background data on risk factors, health history, and occupational and environmental exposures, as well as a spirometry test administered by experienced study staff at their place of residence. Multivariable linear regression was used to model the adjusted association between each environmental exposure and percent predicted forced expiratory volume in one second (FEV1PP) and forced vital capacity (FVCPP). Results: Adjusted regression models indicate persons living in HUCs with the highest level of roadway density experienced a reduction in both FEV1PP (−4.3: 95% CI: −7.44 −1.15;) and FVCPP (−3.8: 95% CI: −6.38, −1.21) versus persons in HUCs with the lowest roadway density. No associations were detected between the metrics associated with mining and oil and gas operations and individual pulmonary function. Impact statement: Our work demonstrates the potential adverse impact of roadway-related exposures on the respiratory health of rural Appalachia residents. We employed a novel method of small-area exposure classification based on the hydrologic unit code (HUC), representing potential exposure levels per hollow occurring in proximity to the residence, and controlled for individual-level risk factors for reduced respiratory health. We highlight an overlooked yet ubiquitous source of residential exposure from motor vehicles that may contribute to the regionally high prevalence of respiratory disease in rural Appalachia. © The Author(s), under exclusive licence to Springer Nature America, Inc. 2023.","Hydrologic unit code; Pulmonary function; Resource extraction; Respiratory; Roadway exposure","Adult; Aged; Air Pollutants; Appalachian Region; Coal Mining; Cross-Sectional Studies; Environmental Exposure; Female; Forced Expiratory Volume; Humans; Kentucky; Lung; Male; Middle Aged; Oil and Gas Fields; Prevalence; Respiratory Function Tests; Risk Factors; Rural Population; Spirometry; Vital Capacity; adult; adverse event; aged; air pollutant; coal mining; cross-sectional study; environmental exposure; epidemiology; female; forced expiratory volume; human; Kentucky; lung; lung function test; male; middle aged; oil and gas field; pathophysiology; prevalence; risk factor; rural population; spirometry; United States; vital capacity","English","Article","Scopus"
"Laun A.; Mazzuchi T.; Sarkani S.; Tomiczek T.","Laun, Alexander (57206659837); Mazzuchi, Thomas (7004222916); Sarkani, Shahram (56279074200); Tomiczek, Tori (55925387200)","57206659837; 7004222916; 56279074200; 55925387200","Resilience as Property Value Rebound: Analysis of Expanded Datasets from Hurricanes Ike and Irma","2023","0","10.1061/NHREFO.NHENG-1392","https://www.scopus.com/pages/publications/85167565801?origin=resultslist","For residential structures in America's coastal communities, resilience is an essential system quality. Such resilience is best conceptualized as a given system's ability to anticipate, respond to, recover from, and adapt to disruption. Practically, the quantification of parcel-scale resilience requires detailed temporal data and the ability to assess various indicators of system performance variability. This paper considers expanded datasets related to wave and storm surge damage for two catastrophic disruptions: Hurricane Ike in Galveston County, Texas, and Hurricane Irma in Monroe County, Florida. Data mining suggests that appraised property values for single-family residences may be used to characterize a given parcel's post-disruption economic response and rebound behavior. Such rebound varies, and the authors offer four potential indicators of such variability for future study: the severity of the initial disruption, a parcel's location, a parcel's construction, and a given property's flood insurance coverage. In general, following a hurricane, recorded property values appear to serve as another feasible measure of a given disaster-affected system's resilient performance. Ultimately, these findings not only offer another mechanism by which community leaders can effectively manage resilience but also suggest that FEMA must continue to improve the National Flood Insurance Program. © 2023 American Society of Civil Engineers.","","Florida [United States]; Galveston County; Monroe County [Florida]; Texas; Texas; United States; Data mining; Disasters; Floods; Insurance; Coastal communities; Community resiliences; Hurricane Ike; Performance variability; Property value; Residential structures; Storm surges; System quality; Systems performance; Temporal Data; catastrophic event; flood damage; hurricane; spatiotemporal analysis; storm surge; Hurricanes","English","Article","Scopus"
"Lajoie G.; Bouchard M.A.","Lajoie, Ginette (57217562014); Bouchard, Michel A. (57533087400)","57217562014; 57533087400","Native involvement in strategic assessment of natural resource development: The example of the Crees living in the Canadian taiga","2006","15","10.3152/147154606781765174","https://www.scopus.com/pages/publications/33750444627?origin=resultslist","The James Bay Agreement reinforces the rights of the Crees to 500,000 km2 of territory in the boreal forest and taiga of northern Quebec. In it, consultation and environmental assessment (EA) mechanisms were set up to ensure the Crees' direct involvement in environmental decisions. This paper addresses three matters: the influence of Native involvement in the EA process; updating the EA process under the Agreement to incorporate the apparently new tools of strategic environmental assessments (SEAs); and adaptation of the concept of SEA to the Native context. Our analysis focuses on the experience gained from large hydroelectric development projects, recent and planned mining developments, and forestry operations. © IAIA 2006.","Boreal forest; Canada; Cree First Nations; Forestry; Hydroelectricity; Lessons learned; Mining; Northern Quebec; Public participation; Strategic environmental assessment (SEA)","Canada; North America; Quebec [Canada]; boreal forest; environmental assessment; forestry; natural resource; participatory approach; resource development; strategic approach","English","Article","Scopus"
"","","","32nd International Conference on Information System 2011, ICIS 2011, Volume 3","2011","0","","https://www.scopus.com/pages/publications/84884621452?origin=resultslist","The proceedings contain 299 papers. The special focus in this conference is on Information System. The topics include: Situation awareness through social collaboration platforms in distributed work environments; attaining and enacting green leadership; culture and organizational computer-mediated communication; inter-organizational effects on sociomaterial imbrications and change; intrusiveness of online video advertising and its effects on marketing outcomes; dynamic personal feedback in acquiring information to manage your health; emotions as predictors of performance in virtual worlds; a profiling model for readmission of patients with congestive heart failure; information sharing in NHS polyclinics; integrating self-service kiosks into healthcare delivery organizations; an empirical study with strategic alignment in the healthcare industry; improving knowledge-intensive health care processes beyond efficiency; understanding the drivers and outcomes of healthcare organizational privacy responses; IT-based capabilities, service innovation, and quality in health care; microprocesses of healthcare technology implementation under competing institutional logics; understanding the impact of internet media on patient-clinician trust; measuring emotions in electronic markets; social networking and extending social capacity; an entropy index for multitasking behavior; an instrument for measuring SOA maturity; computer-mediated social networks and environmental behavior; an effective and efficient subpopulation extraction method in very large social networks; reputation and preemption strategies in competing technology networks; software adoption under network effects; consumer product consideration and choice at purchase time at online retailers; business values of community source; learning from peers on social media platforms; code architecture and open source software development; the price and quantity of IT-related intangible capital; the impact of third-party information on the dynamics of online word-of-mouth and retail sales; the roles of agency and artifacts in assembling open data complementarities; the role of culture and personality in the leadership process in virtual teams; user satisfaction of E-government procurement systems in developing countries; differences in knowledge seeking ties between the US and Singapore students; modeling quality dynamics in IT services management; herding behavior as a network externality; exploring information systems control alignment in organizations; the user-centered nature of awareness creation in computer-mediated communication; critical factors affecting compliance to campus alerts; substance and influence in brand communities; the attitude construct in IT adoption research - a scientometric analysis; examining trends of technology diffusion theories in information systems; management of change to ensure IS success; information systems development as a social process; testing tournament selection in creative problem solving using crowds; understanding online payment method choice; the influence of demands and resources on emotional exhaustion with the information systems profession; CIO survival and the composition of the top management team; social capital in the ICT sector - a network perspective on executive turnover and startup performance; activity awareness as a means to promote connectedness, willingness to do additional work, and congeniality; effects of media synchronicity on communication performance; comprehension of online consumer-generated product review; the role of product recommendation agents in collaborative online shopping; three classes of attitude and their implications for IS research; gender differences in virtual collaboration on a creative design task; toward deep understanding of persuasive product recommendation agents; understanding is education quality in developing countries; SYSCO's best business practices (BBP); public expenditure management through khajane - an integrated financial MIS; arguments for the adoption of a heuristic approach to IS research; information systems collaborations as boundary spanning; towards an evidence-based research approach in information systems; grounding theory from Delphi studies; PLS marker variable approach to diagnosing and controlling for method variance; benefits from using continuous rating scales in online survey research; evaluating two automatic methods for classifying information technology concepts; exploring interpersonal relationships in security information sharing; explaining the difference between how security cues and security arguments improve secure behavior; the impact of security practices on regulatory compliance and security performance; personal health records in cloud computing environments; empirical analysis of data breach litigation; extending UTAUT to predict the use of location-based services; project and organizational antecedents of effort withholding in IT project teams; modeling and checking business process compliance rules in the financial sector; participation in open source communities and its implications for organizational commitment; an empirical test of the theory of relationship constraints; an approach for portfolio selection in multi-vendor IT outsourcing; the essential dynamics of information infrastructures; a framework for investigating open innovation processes in ISD; four facets of a process modeling facilitator; a conceptual life event framework for government-to-citizen electronic services provision; perceptual congruence between IS users and professionals on IS service quality - insights from response surface analysis; dynamic service level agreement management for efficient operation of elastic information systems; impact of business intelligence and IT infrastructure flexibility on competitive performance; knowledge refinement effectiveness; towards a framework for measuring knowledge management service productivity; measuring the business value of online social media content for marketers; a data-centric perspective for workflow model management; protecting privacy against regression attacks in predictive data mining; the effects of job design on employees' knowledge contribution to electronic repositories; BI and CRM for customer involvement in product and service development; an effective method of discovering target groups on social networking sites; environmental scanning for customer complaint identification in social media; the effects of user identity and sanctions in online communities on real-world behavior; F-commerce and the crucial role of trust; when artificial feedback hurts - empirical evidence from community-based configuration systems; knowledge collaboration in distributed practice communities; a social identity perspective on participation in virtual healthcare communities; boundary-spanning documents in online communities; network stability and social contagion on the mobile internet; digital complementary assets; trusting social location technologies and interactions; telepresence in business meetings; exploring the role of online social network dependency in habit formation; a sociomateriality practice perspective of online social networking; automatic reputation assessment in Wikipedia; strategic decision support for smart-leasing infrastructure-as-a-service; the impact of different types of satisfaction on C2C platform loyalty; automated negotiations under uncertain preferences; nurturing sales entrepreneurship in consumer-to-consumer marketplaces; competing across different channels for personalized service; the influences of negativity and review quality on the helpfulness of online reviews; winner determination of open innovation contests in online markets; a dual view on IT challenges in corporate divestments and acquisitions; managing the IT integration of acquisitions by multi-business organizations; management commitments that maximize business impact from IT; institutional work and artifact evolution; four perspectives on architectural strategy; a coevolutionary journey of strategic knowledge management alignment; use of social media in disaster management; unpacking the duality of design science; acquiring IT competencies through focused technology acquisitions; IT artifacts and the state of IS research; senior scholars' forum and online social networking and citizen engagement.","","","English","Conference review","Scopus"
"Govender V.; Loggia C.","Govender, V. (57218556214); Loggia, C. (55256147200)","57218556214; 55256147200","Measuring the 'bounce back' systems of vulnerable communities in KwaZulu-Natal, South Africa","2025","0","10.1088/1755-1315/1554/1/012164","https://www.scopus.com/pages/publications/105027172198?origin=resultslist","Informal communities often exhibit resilience in the face of disasters and disruptions, by ""bouncing back""from shocks and adapting to their vulnerabilities. Understanding the strengths and weaknesses of these communities and the overall level of resilience, is essential to identifying opportunities for improving their capacity to recover and adapt to natural disasters. Although informal settlements promptly respond to immediate threats and disasters (such as fires and floods), they usually remain in a permanent state of vulnerability. Therefore, understanding resilience-building strategies is crucial to empowering communities to become self-reliant and resilient in the long-term. This study investigates the resilience of three informal settlements in KwaZulu-Natal Province (South Africa) namely Havelock, Quarry Road, and Khan Road. A comparative analysis was conducted by mapping these settlements at different points in time, allowing for the evaluation of resilience levels. An indicator-based approach was employed, which is particularly useful in contexts with limited data and resources, providing a practical way to measure community resilience. The resilience assessment toolkit, tested across all settlements, included a series of community workshops that enabled residents and practitioners to participate in the evaluation process. Additionally, drone-mapping technology was used to generate base maps revealing physical vulnerabilities of the settlement while offering a detailed temporal analysis. By tracking these communities' resilience over time, the study offers valuable insights into their responses to recurring and emerging challenges. The findings highlight both strengths and gaps in resilience, revealing opportunities for enhancement. This research proposes a resilience framework that measures the effectiveness of vulnerable communities in bouncing-back from shocks, which can be utilized by local authorities and communities. The framework aims to guide the development of strategies for building resilient communities, moving informal settlements from survival mode to long-term resilience and self-reliance. © Published under licence by IOP Publishing Ltd.","","","English","Conference paper","Scopus"
"Sharma S.; Arya A.K.","Sharma, Santosh (57908950800); Arya, Ashish Kumar (57225657736)","57908950800; 57225657736","Impact of Urbanization on Biodiversity in the Global Biodiversity Hotspot of Sikkim Himalaya, India: A Review","2026","0","10.30564/re.v8i1.11720","https://www.scopus.com/pages/publications/105034532977?origin=resultslist","Sikkim, located in the Eastern Himalayan Region, represents one of the 36 globally recognized biodiversity hotspots and harbors an exceptional range of ecosystems within a relatively small geographic area. Over the past few decades, the region has witnessed rapid urbanization alongside other developmental activities such as hydropower construction, road expansion, mining and infrastructure development. While these processes have contributed to socioeconomic development, they have simultaneously exerted significant pressure on the fragile mountain environment. This review examines the impacts of urbanization on biodiversity in the Sikkim Himalaya drawing attention to the ways in which land-use change due to urbanization, habitat fragmentation and economic development have altered ecological dynamics and threatened biodiversity of this region. The findings of the current study suggest that unplanned urban growth has led to the degradation of forest cover, disruption of ecological corridors thereby diminishing ecosystem resilience of the region. In addition, the current study highlights the challenges of balancing developmental imperatives with environmental conservation in the study area where both ecological integrity and human livelihoods are intricately interdependent. This study highlights the urgent need for integrated land-use planning that incorporates ecological corridors, urban green spaces, and community-based conservation to mitigate biodiversity loss. Strengthened governance, sustainable tourism, invasive species control, and systematic biodiversity monitoring are essential to balance urban development with ecological integrity. Most importantly, holistic and interdisciplinary approaches are critical to ensuring that urban growth in the Global Biodiversity Hotspot of the Sikkim Himalaya aligns with global biodiversity conservation goals and the Sustainable Development Goals (SDGs). © 2026 by the author(s).","Biodiversity Conservation; Biodiversity Hotspots; Eastern Himalaya; Sikkim Himalaya; Sustainable Development; Urbanization","","English","Article","Scopus"
"Banks L.H.; Davenport L.A.; Hayes M.H.; McArthur M.A.; Toro S.N.; King C.E.; Vazirani H.M.","Banks, Linda H. (57191250504); Davenport, Lisa A. (54879908700); Hayes, Meghan H. (57191253042); McArthur, Moriah A. (55792377600); Toro, Stacey N. (57191252571); King, Cameron E. (57191250613); Vazirani, Hazel M. (57191259627)","57191250504; 54879908700; 57191253042; 55792377600; 57191252571; 57191250613; 57191259627","Disaster Impact on Impoverished Area of US: An Inter-Professional Mixed Method Study","2016","10","10.1017/S1049023X1600090X","https://www.scopus.com/pages/publications/84988433492?origin=resultslist","Introduction In the foothills of the Cumberland Mountains, in central Appalachia (a region that spans 13 states in the US), sits an economically distressed and rural community of the United States. Once a thriving coal-mining area, this region now is reported as one of the hardest places to live in the US. Southeastern Kentucky, located in a remote, rocky, mountainous area surrounded by rivers and valleys and prone to flooding, experienced a major flood in Spring 2013 causing significant damage to homes and critical infrastructure. Purpose Aims of the study were to: (1) identify and better understand the contextual variables compounding the impact of a disaster event that occurred in Spring 2013; (2) identify ways participants managed antecedent circumstances, risk, and protective factors to cope with disaster up to 12 months post-event; and (3) further determine implications for community-focused interventions that may enhance recovery for vulnerable populations to promote greater outcomes of adaptation, wellness, and readiness. Methods Using an ethnographic mixed-methods approach, an inter-collaborative team conducted face-to-face interviews with (N=12) Appalachian residents about their disaster experience, documented observations and visual assessment of need on an observation tool, and used photography depicting structural and environmental conditions. A Health and Emergency Preparedness Assessment Survey Tool was used to collect demographic, health, housing, environment, and disaster readiness assessment data. Community stakeholders facilitated purposeful sampling through coordination of scheduled home visits. Results Triangulation of all data sources provided evidence that the community had unique coping strategies related to faith and spirituality, cultural values and heritage, and social support to manage antecedent circumstances, risk, and protective factors during times of adversity that, in turn, enhanced resilience up to 12 months post-disaster. The community was found to have an innate capacity to persevere and utilize resources to manage and transcend adversity and restore equilibrium, which reflected components of resilience that deserve greater recognition and appreciation. Conclusion Resilience is a foundational concept for disaster science. A model of resilience for the rural Appalachia community was developed to visually depict the encompassing element of community-based interventions that may enhance coping strategies, mitigate risk factors, integrate protective factors, and strengthen access. Community-based interventions are recommended to strengthen resilience, yielding improved outcomes of adaptation, health and wellness, and disaster readiness. © 2016 World Association for Disaster and Emergency Medicine.","disaster; flooding; resilience; rural Appalachia; vulnerability","Adolescent; Adult; Aged; Disaster Planning; Female; Humans; Interviews as Topic; Kentucky; Male; Middle Aged; Poverty Areas; Qualitative Research; Vulnerable Populations; Young Adult; clinical article; coordination; coping behavior; cultural value; disaster; emergency; flooding; home visit; housing; human; inheritance; interview; model; photography; recognition; religion; resident; risk factor; sampling; social support; spring; vulnerable population; adolescent; adult; aged; disaster planning; female; Kentucky; male; middle aged; poverty; qualitative research; young adult","English","Article","Scopus"
"Goto A.; Rudd R.E.; Lai A.Y.; Yoshida K.; Suzuki Y.; Halstead D.D.; Yoshida-Komiya H.; Reich M.R.","Goto, Aya (7202295294); Rudd, Rima E (7102773241); Lai, Alden Y (55386829700); Yoshida, Kazuki (57200389273); Suzuki, Yuu (56134107100); Halstead, Donald D (36054343800); Yoshida-Komiya, Hiromi (6507685848); Reich, Michael R (7102532385)","7202295294; 7102773241; 55386829700; 57200389273; 56134107100; 36054343800; 6507685848; 7102532385","Leveraging public health nurses for disaster risk communication in Fukushima City: A qualitative analysis of nurses' written records of parenting counseling and peer discussions","2014","60","10.1186/1472-6963-14-129","https://www.scopus.com/pages/publications/84899491410?origin=resultslist","Background: Local public health nurses (PHNs) have been recognized as the main health service providers in communities in Japan. The Fukushima nuclear disaster in 2011 has, however, created a major challenge for them in responding to mothers' concerns. This was in part due to difficulties in assessing, understanding and communicating health risks on low-dose radiation exposure. In order to guide the development of risk communication plans, this study sought to investigate mothers' primary concerns and possible solutions perceived by a core healthcare profession like the PHNs. Methods. A total of 150 records from parenting counseling sessions conducted between PHNs and mothers who have attended mandatory 18-month health checkups for their children at the Fukushima City Health and Welfare Center in 2010, 2011 (year of disaster) and 2012 were examined. Discussion notes of three peer discussions among PHNs organized in response to the nuclear disaster in 2012 and 2013 were also analyzed. All transcribed data were first subjected to text mining to list the words according to their frequencies and inter-relationships. The Steps Coding and Theorization method was then undertaken as a framework for qualitative analysis. Results: PHNs noted mothers to have considerable needs for information on radiation risks as they impact on decisions related to relocations, concerns for child safety, and experiences with interpersonal conflicts within the family owing to differing risk perceptions. PHNs identified themselves as the information channels in the community, recommended the building of their risk communication capacities to support residents in making well-informed decisions, and advocated for self-measurement of radiation levels to increase residents' sense of control. PHNs also suggested a more standardized form of information dissemination and an expansion of community-based counseling services. Conclusions: Inadequate risk communication on radiation in the Fukushima nuclear incident has resulted in multiple repercussions for mothers in the community. Empowerment of local residents to assume more active roles in the understanding of their environment, increasing PHNs' capacity in communication, and an expansion of health services such as counseling will together better address risk communication challenges in post-disaster recovery efforts. © 2014 Goto et al.; licensee BioMed Central Ltd.","Fukushima nuclear accident; Health communication; Japan; Parenting; Public health nurses; Radiation; Risk communication","Communication; Counseling; Disasters; Female; Fukushima Nuclear Accident; Health Literacy; Humans; Japan; Parents; Peer Group; Public Health Nursing; Records as Topic; community health nursing; counseling; disaster; female; Fukushima nuclear accident; health literacy; human; information processing; interpersonal communication; Japan; organization and management; parent; peer group; procedures; statistics and numerical data","English","Article","Scopus"
"Piras F.; Santoro A.; Castelli G.; Allegri M.; Nijimbere S.; Hicintuka C.; Preti F.","Piras, Francesco (57217092000); Santoro, Antonio (55515265900); Castelli, Giulio (57194380100); Allegri, Marta (59365240300); Nijimbere, Séverin (57208143707); Hicintuka, Cyrille (57188661711); Preti, Federico (6603131870)","57217092000; 55515265900; 57194380100; 59365240300; 57208143707; 57188661711; 6603131870","Is Burundi losing the last remnants of its forests? A high-resolution spatial analysis for the identification of areas at deforestation hazard","2026","0","10.1016/j.tfp.2026.101243","https://www.scopus.com/pages/publications/105034085717?origin=resultslist","Burundian forests are facing high pressure due to human activities, high population growth rates, and density. The study aims at identifying and classifying Burundian forests according to deforestation hazard (DH) through a high-resolution Composite Mapping Analysis based on multiple drivers: proximity to agricultural areas, to roads, to quarries, to settlements, slope class, presence of protected areas. Forests currently cover about 13% of the terrestrial surface. Most of the forest cover (59%) results to be at high DH and a significant part (25%) at medium hazard. Only 12% of forest cover is at low hazard and 3% at very low hazard. Spatial analyses confirmed the relationship between forest density and DH: where forest cover is <20% (scattered smaller forests) DH is higher compared to areas with forest cover >60% (contiguous large forests). Higher DH values are associated with forests located at intermediate altitude (1000 to 2000 m). DH is of medium-high level also in steep slopes that need particular attention due to hydrogeological risk. Human activities are continuously shrinking Burundian forests, and, while small-scale and family farming contributes to this trend, particular attention should be paid to large plantations that spread in the last decades causing environmental and social problems with limited benefits for the local communities. Small forest patches, having higher DH, need to be preserved for ecological and protective roles (connecting habitats, reducing erosion and landslides). Data calls for the urgent need to balance food production and forest conservation, promoting agricultural training, sustainable agricultural practices, and community-based forest management. © 2026","Composite mapping analysis; East Africa; Land use change; Landscape degradation; Mountain forest","deforestation; environmental degradation; hazard assessment; human activity; land use change; landscape; mapping method; montane forest; protected area; spatial analysis","English","Article","Scopus"
"","","","20th International Conference on Web Information Systems Engineering, WISE 2019","2019","0","","https://www.scopus.com/pages/publications/85076965438?origin=resultslist","The proceedings contain 50 papers. The special focus in this conference is on Web Information Systems Engineering. The topics include: Personalized Book Recommendation Based on a Deep Learning Model and Metadata; DINRec: Deep Interest Network Based API Recommendation Approach for Mashup Creation; co-purchaser Recommendation Based on Network Embedding; community-Based Recommendations on Twitter: Avoiding the Filter Bubble; memory-Augmented Attention Network for Sequential Recommendation; multi-head Attentive Social Recommendation; CPL: A Combined Framework of Pointwise Prediction and Learning to Rank for top-N Recommendations with Implicit Feedback; RTIM: A Real-Time Influence Maximization Strategy; LSCMiner: Efficient Low Support Closed Itemsets Mining; detecting Fraudulent Accounts on Blockchain: A Supervised Approach; pattern Filtering Attention for Distant Supervised Relation Extraction via Online Clustering; adaptive Rule Adaptation in Unstructured and Dynamic Environments; shadowed Authorization Policies - A Disaster Waiting to Happen?; a Dynamic Decision-Making Method Based on Ensemble Methods for Complex Unbalanced Data; collaborative Wireframing for Model-Driven Web Engineering; handling Disagreement in Ontologies-Based Reasoning via Argumentation; a Cost-Efficient Multi-cloud Orchestrator for Benchmarking Containerized Web-Applications; highlighting Weasel Sentences for Promoting Critical Information Seeking on the Web; generating an Evolving Skills Network from Job Adverts for High-Demand Skillset Discovery; picture News Collection: A Dataset for Automatic Picture News Thumbnail Selection; locking Mechanism for Concurrency Conflicts on Hyperledger Fabric; a Graph-Based Approach to Explore Relationship Between Hashtags and Images; RDF Graph Anonymization Robust to Data Linkage; WebEL: Improving Entity Linking with Extra Web Contexts; entity Disambiguation Based on Parse Tree Neighbours on Graph Attention Network; bibliographic Name Disambiguation with Graph Convolutional Network.","","","English","Conference review","Scopus"
"Amiruddin H.B.; Arif S.; Sakka","Amiruddin, Hamman Badruttamanan (60278031100); Arif, Samsu (56237390100); Sakka (57210919780)","60278031100; 56237390100; 57210919780","Geospatial analysis of land degradation and settlement in Barru Regency: Implications for sustainable land management","2026","1","10.15243/jdmlm.2026.131.9081","https://www.scopus.com/pages/publications/105026587718?origin=resultslist","Residential zones are designated for housing and activities that support livelihoods. In Barru Regency, South Sulawesi, Indonesia, a growing population has increased the demand for residential land, intensifying land degradation issues such as landslides in Bulobulo Village, erosion in the Lisu Watershed, and mangrove loss on Pannikiang Island, which is fueled by unsustainable land use and mining practices. This study examined the relationship between population size and optimal settlement land, while assessing the compatibility of suitable land with the Barru Regency Spatial Plan (RTRW) for the period 2011-2031. The methodology employed geospatial analysis using GIS overlay techniques and mathematical modeling, incorporating flood and landslide vulnerability to evaluate carrying capacity. Results revealed that all sub-districts had a carrying capacity index (DDPm) above 1, but only 1, 563.2 ha of the 33, 694.2 ha identified as suitable overlapped with RTRW allocations, exposing a critical mismatch. This mismatch indicates that current spatial planning does not adequately integrate land degradation risks. The findings provide evidencebased guidance for revising the RTRW, supported by practical restoration strategies, including reforestation of degraded watersheds, slope stabilization in landslide-prone areas, and community-based mangrove rehabilitation. By linking geospatial mapping with management recommendations, this study contributes a novel framework for sustainable and disaster-resilient settlement planning on degraded lands. © CC BY-NC 4.0| Attribution NonCommercial 4.0 International","land rehabilitation; land use optimization; residential carrying capacity; settlement sustainability; sustainable urban planning","","English","Article","Scopus"
"Huang Y.; Li H.; He Y.; Xu Q.; Liao L.; Sheng H.; Du J.","Huang, Yilin (59288001800); Li, Hui (57219854753); He, Yun (59489173500); Xu, Qing (57210001411); Liao, Lixia (58476862400); Sheng, Han (58475558400); Du, Jiaheng (59306970600)","59288001800; 57219854753; 59489173500; 57210001411; 58476862400; 58475558400; 59306970600","Ecological network construction and resilience optimization of coastal zones in megacity clusters: A case study of the Guangdong–Hong Kong–Macao Greater Bay Area","2026","0","10.1016/j.ecoleng.2026.107916","https://www.scopus.com/pages/publications/105034388090?origin=resultslist","Coastal zones in rapidly urbanizing regions are increasingly threatened by climate change and human activities, yet conventional static ecological network planning inadequately addresses future dynamic risks. Focusing on the Guangdong–Hong Kong–Macao Greater Bay Area (GBA), we present a resilience-oriented optimization framework that couples dynamic ecosystem-service projections with multi-scenario climate stressors (sea-level rise, storm surges, and pluvial flooding). The framework integrates risk forecasting, spatial optimization, and dual resilience assessment based on complex-network metrics and simulated attack models. Results show that the optimized network substantially improved structural connectivity and functional redundancy: key and important corridors increased by 133.3% and 348.7%, respectively; robustness and redundancy rose by 11% and 30%. Under simulated dynamic attacks, the optimized network tolerated a substantially higher proportion of critical-node failures before functional collapse compared with the pre-optimization network. Our approach demonstrates that incorporating dynamic risk projections into ecological-network planning markedly enhances system resilience and provides transferable spatial solutions for balancing conservation and climate adaptation in densely urbanized coastal regions. © 2026 Elsevier B.V. All rights are reserved, including those for text and data mining, AI training, and similar technologies.","Coastal Ecological Network; Megacity cluster; Multi-scenario simulation; Resilience Assessment; Spatial optimization","China; Guangdong; Hong Kong; Macau; Climate change; Coastal zones; Complex networks; Data mining; Dynamics; Ecosystems; Risk assessment; Sea level; Coastal ecological network; Ecological networks; Megacities; Megacity cluster; Multi scenarios; Multi-scenario simulation; Optimisations; Resilience assessment; Scenario simulations; Spatial optimization; climate change; coastal zone; ecosystem service; forecasting method; human activity; local adaptation; megacity; optimization; Redundancy","English","Article","Scopus"
"Frisch D.; Lejeusne C.; Hayashi M.; Bidwell M.T.; Sánchez-Fontenla J.; Green A.J.","Frisch, Dagmar (16635850900); Lejeusne, Christophe (55940351400); Hayashi, Masaki (34770501500); Bidwell, Mark T. (8592883400); Sánchez-Fontenla, Javier (36156245200); Green, Andy J. (7404024078)","16635850900; 55940351400; 34770501500; 8592883400; 36156245200; 7404024078","Brine chemistry matters: Isolation by environment and by distance explain population genetic structure of Artemia franciscana in saline lakes","2021","17","10.1111/fwb.13737","https://www.scopus.com/pages/publications/85106974642?origin=resultslist","The American brine shrimp Artemia franciscana is important in aquaculture and has become invasive in other continents, aided by dispersal via waterbirds. However, little is known about processes underlying its genetic diversity and population structure in its natural habitat in North America. These processes, including dispersal and local adaptation, are pivotal drivers of species distribution and community structure, and therefore central to aquatic biodiversity. We studied 15 populations in natural saline lakes of Saskatchewan, Canada to determine the influence of variation in geological history, water chemistry, lake size, and location. We aimed to determine the relative importance of isolation by distance and isolation by environment using the cytochrome c oxidase subunit 1 gene (CO1) as a mitochondrial marker and five nuclear microsatellite markers. Geographic patterns for CO1 and microsatellites differed, with lakes clustering in different groups based on genetic distances according to the marker used. CO1 better indicated historical colonisation processes, suggesting potential routes of initial colonisation when lakes were formed after deglaciation 11,000–15,000 years ago. Differentiation between lakes based on nuclear markers was strongly related to variation in hydrochemistry, suggested by distance-based redundancy analysis, but there was no indication of isolation by distance. The ratio between alkalinity and the sum of Ca and Mg concentrations was particularly important, although a lake with a high Cl concentration caused by potash mining also had a unique Artemia population. Geochemistry is important in the adaptive radiation of anostracan crustaceans. Our study suggests that it also underlies intraspecific genetic variation between populations, promoting isolation by environment, and making dispersal ineffective when cysts are moved by birds between lakes with different hydrochemistry. ​. © 2021 The Authors. Freshwater Biology published by John Wiley & Sons Ltd.","brine shrimps; colonisation route; dispersal; hydrogeochemistry; native region","","English","Article","Scopus"
"Gan L.; Wei L.; Huang S.; Hou C.; Zhou Y.; Han B.T.","Gan, Lu (48461252500); Wei, Lihong (57694729200); Huang, Shan (57694729300); Hou, Chaoping (57193876603); Zhou, Ying (57191653043); Han, Bernard T. (7401726296)","48461252500; 57694729200; 57694729300; 57193876603; 57191653043; 7401726296","IPO-Based Evaluation of Sustainable Postdisaster Recovery from Stakeholder Perspectives of the Lushan Earthquake","2023","0","10.1061/NHREFO.NHENG-1596","https://www.scopus.com/pages/publications/85148067931?origin=resultslist","Assessing disaster resilience is one of the important research issues for disaster risk management. The process of postdisaster recovery (PDR) involves multiple stakeholders, and their expectations and engagement are considered a key factor for the success of PDR projects. This paper is oriented toward sustainable development, combined with the demands of many stakeholders, and proposes a comprehensive recovery evaluation that considers the sustainability of community resilience. Based on internet public opinion (IPO), a novel method integrating a modified analytic hierarchy process (AHP) and hesitant fuzzy linguistics (HFL) is introduced to guarantee multiple stakeholders’ engagement. Specifically, literature research and field interviews are combined with IPO data using text mining techniques to establish evaluation indices. The evaluation results indicate that the overall recovery level of the Lushan earthquake is between fairly and slightly good. It reveals that balances between social (e.g., infrastructure reconstruction, public services and economic recovery, etc.) and individual aspects (e.g., housing allowance, life recovery, mental health, etc.) are needed for recovery improvements. Moreover, housing is regarded as the most urgent and critical task in PDR. Accordingly, increasing requirements for the protection of intangible heritages are anticipated. Finally, possible policies on recovery and poverty alleviation are recommended. © 2023 American Society of Civil Engineers.","Hesitant fuzzy linguistic (HFL); Internet public opinion (IPO); Modified analytic hierarchy process; Multistakeholder engagement; Postdisaster recovery (PDR); Sustainable development","China; Lushan [Sichuan]; Sichuan; Disasters; Earthquakes; Housing; Linguistics; Recovery; Risk assessment; Risk management; Sustainable development; Fuzzy linguistics; Hesitant fuzzy linguistic; Internet public opinion; Internet public opinions; Modified analytic hierarchy process; Multi-stakeholder; Multiple stakeholders; Multistakeholder engagement; Post disasters; Postdisaster recovery; data mining; disaster; disaster management; earthquake damage; housing; Lushan earthquake 2013; poverty alleviation; resilience; sustainability; Analytic hierarchy process","English","Article","Scopus"
"Melack J.M.; Kasper D.; Amaral J.H.F.; Barbosa P.M.; Forsberg B.R.","Melack, John M. (7006392633); Kasper, Daniele (35279721400); Amaral, João H.F. (55861058000); Barbosa, Pedro M. (57189991156); Forsberg, Bruce R. (7006401967)","7006392633; 35279721400; 55861058000; 57189991156; 7006401967","Limnological perspectives on conservation of floodplain lakes in the Amazon basin","2021","18","10.1002/aqc.3556","https://www.scopus.com/pages/publications/85103403037?origin=resultslist","Limnological aspects of Amazon floodplain lakes are examined in the context of aquatic conservation. A prerequisite to detecting and evaluating changes that could threaten the ecological health and organisms in floodplain lakes is understanding variation under present conditions. Based on one of the few studies with regular measurements over 2 years, chlorophyll, total phosphorus, dissolved oxygen, transparency, and total suspended solids in Lake Janauacá indicate that the lake is naturally quite variable with a mesotrophic to eutrophic status. Direct threats to ecological health of floodplain lakes include mining operations that can increase turbidity and trace metals and reduce nutritional quality of sediments. Mercury contamination and methylation leads to bioaccumulation in aquatic organisms. Deforestation in uplands increases nitrogen and phosphorus inputs to floodplain lakes and can alter trophic status. Deforestation in floodable forests alters the habitat and food of the fish that inhabit these forests. Cumulative limnological responses as catchments are altered by urban, agricultural, and industrial developments, and as inundation is altered by changes in climate and construction of dams, have major implications for the ecology of floodplain lakes. To improve understanding and management of threats to the conservation of aquatic Amazon biota and ecosystems requires considerably expanded and coordinated research and community-based management that includes the spectrum of floodplain lakes throughout the basin. © 2021 John Wiley & Sons, Ltd.","climate change; ecosystem approach; floodplain; impoundment; lake; mining; water quality","Amazon Basin; aquatic organism; bioaccumulation; conservation management; deforestation; ecosystem health; floodplain; habitat management; lacustrine environment","English","Article","Scopus"
"Özel S.","Özel, Sevda (36811614800)","36811614800","Secondary Disaster and Its Management After Earthquakes: A Management Plan Proposal; [Depremlerden Sonra İkincil Afet ve Yönetimi: Bir Yönetim Planı Önerisi]","2025","2","10.35341/afet.1258389","https://www.scopus.com/pages/publications/105003258618?origin=resultslist","In this article, the environmental (air-odor-noise-image-water-soil pollution) problems and effects that emerged after the 06.02.2023 earthquakes are expressed as secondary disasters, and a pollution response management plan, and a pollution following plan has been proposed in draft form. For this purpose, especially earthquake and pollution issues were first examined from AFAD studies produced for different types of disasters. An earthquake activity map was prepared with the M>4 earthquake data of Kandilli Observatory. A table of wind velocity-temperature values has been prepared according to the earthquake zone cities of 7-8-9 February, taken daily from MGM. All the examination results, the prepared map and table were examined and interpreted. Accordingly, after the earthquakes, it is suggested that there should be a pollution response management plan and that pollution should be considered as a type of disaster, evaluated and added to the existing community-based disaster response management plans and a draft plan is suggested. This plan should be applied by starting pollution investigations as soon as possible after the earthquake. Because, the earthquakes and their numerous aftershocks occurred in winter conditions. It was first observed that air-water-odor pollution emerged and concentrated in cities where air temperatures increased. Therefore, it is proposed that the seasonal-geographic-topographic conditions of the countries should be taken into consideration in secondary disaster preparation and management. The effects of asbestos and mining in the region were also expressed. Therefore, if secondary disaster is added to the list of disaster types and institutionalized, it is thought that the proposed plan will make a significant benefit to disaster response management. © 2025, Ankara University. All rights reserved.","Earthquake Region; Pollution Response Management; Secondary Disaster (Pollution-Secondary Pollution)","","Turkish","Review","Scopus"
"Sima M.; Morosanu G.A.","Sima, Mihaela (57218887167); Morosanu, Gabriela Adina (57172468600)","57218887167; 57172468600","Mining Hazard Risk Reduction and Resilience","2022","4","10.1007/978-3-030-72196-1_4","https://www.scopus.com/pages/publications/85158984957?origin=resultslist","Mining hazard risk reduction and resilience is a complex concept involving two major actions: framing the risks posed by the hazard in an adequate typology and taking the necessary steps toward achieving resilience. Proper risk management requires a good degree of knowledge of the types of risk related to mining activities. Thus, this chapter distinguishes between several types of risks raised by mining activities, based on the surface or underground operations involved, either single or multihazard types that could have an impact on the environment and people’s health. This chapter reviews conservation and rehabilitation initiatives, in the context of the circular economy, as an important step toward mine hazard prevention and reduction. It also puts forward several guidelines to enhance the community resilience facing mining-related hazards that are derived from a number of examples of good practices. This chapter represents a review of existing literature and case studies to show the different types of mining hazards. Therefore, due to the need to undertake a selection of the most relevant publications, and also for reasons of brevity, it does not and cannot pretend to represent an exhaustive presentation of all works published on this topic. © Springer Nature Switzerland AG 2022.","Community resilience; Environmental impacts; Mine slope instability; Mining hazards; Risk assessment; Risk Reduction; Sustainability","","English","Book chapter","Scopus"
"Siddique A.; Tan Z.; Li J.; Algarni A.; Zardari I.A.; Zeshan M.; Khurram S.H.; Kumar D.","Siddique, Aboubakar (57221977190); Tan, Zhuoying (8645561200); Li, Jiang (59757678700); Algarni, Asaad (58639382000); Zardari, Irshad Ali (58881263300); Zeshan, Muhammad (59919757600); Khurram, Saddam Hussain (59985636000); Kumar, Dhanesh (60173462800)","57221977190; 8645561200; 59757678700; 58639382000; 58881263300; 59919757600; 59985636000; 60173462800","An Inclusive Approach to Disaster Risk Reduction in Water-Related Hazards for the Mining Industry: Prioritizing the Multi-Dimensional Risk Framework for Achieving Sustainable Development","2025","1","10.1007/s10230-025-01082-9","https://www.scopus.com/pages/publications/105021096453?origin=resultslist","Mining regions globally face escalating water-related hazards such as scarcity, contamination, and flooding, intensified by climate change and unsustainable practices. Conventional risk models often overlook the interconnected ecological, technological, and governance dimensions critical for achieving sustainable development goals (SDGs), particularly SDG 6 (clean water), SDG 9 (industry innovation), and SDG 13 (climate action). This study introduces a multi-dimensional risk framework to holistically assess water hazards in China’s mining regions, integrating seven dimensions: environmental, social, governance, economic, geological/technical, community-based, and technological. Data from various sources and participatory surveys were analyzed using expert-weighted scoring and stakeholder validation. Water scarcity (93% severity) and contamination (88% severity) were identified as critical threats, with groundwater extraction exceeding recharge rates by 120% and acid mine drainage linked to a 30% increase in waterborne diseases. Case studies demonstrated the efficacy of inclusive interventions: IoT-driven water recycling (water quality and quantity monitoring) reduced contamination incidents by 35%, while decentralized filtration systems improved safe water access for 8000 households in southwestern China. The study highlights systemic gaps in rural technological adoption (20% IoT usage) and regulatory enforcement, advocating for SDG-aligned policies such as nature-based flood mitigation (SDG 15) and public–private partnerships for water infrastructure (SDG 9). The multi-dimensional risk framework links resilience, stewardship, and governance to model sustainable mineral extraction. This research underscores that sustainable mining necessitates prioritizing water security through adaptive technologies and participatory governance, ensuring that mining ecosystems contribute to global SDG targets in an era of climate uncertainty. © The Author(s) under exclusive licence to International Mine Water Association 2025.","Acid mine drainage; Groundwater depletion; Mining sector sustainability; Public–private partnerships; Risk assessment; Water scarcity","","English","Article","Scopus"
"Mkutu K.; Mkutu T.; Marani M.; Ekitela A.L.","Mkutu, Kennedy (15754367500); Mkutu, Tessa (57206270165); Marani, Martin (55357132400); Ekitela, Augustine Lokwang (57209641510)","15754367500; 57206270165; 55357132400; 57209641510","New Oil Developments in a Remote Area: Environmental Justice and Participation in Turkana, Kenya","2019","27","10.1177/1070496519857776","https://www.scopus.com/pages/publications/85068333538?origin=resultslist","Recent discoveries of oil and gas in eastern Africa often happen in marginalized and underdeveloped areas, such as Turkana, Kenya, an arid county inhabited predominantly by pastoralists. As a result of low political participation and weak governance frameworks for the emerging hydrocarbon industry, the pastoralists face displacement from land, exposure to environmental hazards, and exclusion from decision-making and benefit-sharing arrangements. Their interests are further sidelined by elite capture and a strong national development agenda supported by international actors. Community members have aired their grievances against both the investor and the state through protests, disrupting company operations. This work argues that two of the pillars of environmental justice, participation and recognition, are lacking in the county and that authentic participation should be pursued to avoid destruction of community capabilities and conflict. Because there is historical opposition to the state and its allies, the county government should consider working closely with trusted providers in the county, namely, faith-based organizations and their civil society counterparts, to bring about more authentic participation, community empowerment, and ultimately better governance for just distribution of benefits and harms. © The Author(s) 2019.","East Africa; environmental justice; extractive industries; indigenous people; Kenya; marginalization; oil; participation; social risks; Turkana","Kenya; Turkana; civil society; environmental justice; indigenous population; local participation; marginalization; oil industry; participatory approach; risk factor","English","Article","Scopus"
"Anwar K.; Khallifhatul Khanh V.; Qurratu Ayuni Khanh V.; Rosa S.","Anwar, Khairil (57214076563); Khallifhatul Khanh, Varhanno (60409448900); Qurratu Ayuni Khanh, Vitrya (60409118100); Rosa, Silvia (57255857000)","57214076563; 60409448900; 60409118100; 57255857000","Protecting the earth, reading the nature: The disaster mitigation tradition of the Nagari Pauh Kamang Mudik community in the crevice of the limestone hills","2025","0","10.1051/e3sconf/202567702003","https://www.scopus.com/pages/publications/105030675687?origin=resultslist","The people of Nagari Pauh Kamang Mudik, who live in a limestone hilly region, live in a space fraught with risks and potential. The karst landscape provides livelihoods through wetland and dryland agriculture and limestone mining. However, this area is also prone to ecological disasters such as landslides, drought, and environmental degradation. This research highlights the traditions of disaster mitigation based on local wisdom that have been developed through generations, such as the ability to read natural signs and organize living spaces according to safe contours. This study is urgent given the increasing ecological vulnerability due to uncontrolled limestone exploitation and the impact of climate change on the local hydrological system. The primary focus is how the community balances economic activities with environmental sustainability while maintaining traditional knowledge amidst modernization. Using qualitative methods and a participatory ethnographic approach, this research combines field observations, interviews with traditional elders, farmers, and miners, and a review of local cultural documents. Using an ecocritical framework, specifically the Ecological Knowledge System and Community-Based Disaster Risk Reduction (CBDRR), this study demonstrates that the community has a contextual and collective mitigation system. These findings recommend integrating local knowledge into mitigation policies, especially in areas with unique landscapes like limestone hills. © 2025 The Authors, published by EDP Sciences.","","","English","Conference paper","Scopus"
"Chipangamate N.S.; Nwaila G.T.","Chipangamate, Nelson S. (58477405200); Nwaila, Glen T. (57194794739)","58477405200; 57194794739","Social innovation, ecological crises and creating mining host community resilience in Southern Africa","2025","1","10.1016/j.exis.2025.101756","https://www.scopus.com/pages/publications/105014015461?origin=resultslist","Mining firms in emerging markets succeed when they also overcome several urgent global issues. For example, they confront environmental impacts, social inequalities and economic uncertainties in regions with limited infrastructure. Mining firms grapple with addressing two urgent ecological crises, climate change and biodiversity loss, in the current Anthropocene era. This is especially so because of the devastating environmental impacts of mining processes. In developed countries, managing disasters resulting from global warming, including heat waves, droughts, floods, and pandemics is largely the responsibility of governments. However, in emerging markets the mining industry plays a more critical role in addressing these challenges, such that it has become an expectation even from the governments, communities and other stakeholders. It has, therefore, become crucial for the industry to actively build resilient host communities that are better prepared to handle the dual crises. Despite social innovation bearing promise as a mechanism for creating community resilience, few studies have analysed how ecological challenges and monitoring of community needs shape social innovation processes. We critically examine how mining companies design interventions to build community resilience and encourage social learning. Our analysis synthesises findings from both resilience studies and social innovation research. We argue that local resources and capabilities, governance and networks, and process dynamism are crucial elements in social innovation processes. They are important in creating resilient communities to deal with ecological shocks and stresses. We further examine how monitoring, evaluation and social learning, together with community attributes, shape social innovation processes and strengthen resilience. We conducted a systematic literature review to develop a framework of social innovation for building resilient mining communities in emerging markets. We end by proposing opportunities for future research to refine our knowledge further and strengthen the ability of mining operations to build resilient communities. © 2025 The Authors","Biodiversity loss; Climate change; Community resilience; Evaluation; Monitoring; Social innovation; Social innovation assessment; Social learning","","English","Review","Scopus"
"Zhao R.; Yang M.; Long D.; Fan X.; Zhang Z.; Duan Y.; Zhang Z.; Ye Y.; Chen J.","Zhao, Ru (58945753600); Yang, Meiling (56918860200); Long, Dongping (57194101561); Fan, Xingang (23567867400); Zhang, Zhengsheng (57188629885); Duan, Yingping (60075306500); Zhang, Zhihong (60021947600); Ye, Yuhang (60022302500); Chen, Jinlin (60074655400)","58945753600; 56918860200; 57194101561; 23567867400; 57188629885; 60075306500; 60021947600; 60022302500; 60074655400","The evolution of transformative resilience research topics: A data-driven analysis","2026","1","10.1016/j.cities.2025.106425","https://www.scopus.com/pages/publications/105014439981?origin=resultslist","Transformative resilience has not yet been adequately established in fixed notions and research areas. This study endeavors to define transformative resilience through data-driven insights and explores trends in related research by mapping its topics and fields. We employed Latent Dirichlet Allocation (LDA) topic modeling, which extracts key terms and insights into topics from a large volume of literature. We traced the evolution of research topics from 1951 to 2024 based on connections between citations. The data were sourced from the Scopus database using the query term “transformative resilience”, encompassing titles, abstracts, and keywords of journal articles, book chapters, and conference papers. We collected a total of 3110 related pieces of literature. We defined transformative resilience as a change of system structure accompanied by a shift in socio-political values and policy. The results of LDA showed that transformative resilience research has developed into seven fields: Innovation and Economic Policy, Supply Chain and Technological Response, Health and Social Well-being, Agriculture and Environmental Impact, Community Resilience and Disaster Recovery, Sustainability Theory and Practice, and Urban Governance and Planning. Based on topic evolution relationships, topics anchored in a context perspective have grown increasingly specialized and productive, while those rooted in a theory perspective have stagnated or remained underexplored. Our findings suggest that transformative resilience studies should foster greater interdisciplinary connections to effectively integrate current research, merging mechanization-centered approaches with a focus on building context-centered resilience. © 2025 Elsevier Ltd","Latent Dirichlet Allocation (LDA); Research evolutionary relationship; Scopus; Text mining; Transformative resilience; Transformative resilience knowledge mapping","data mining; mapping; research; sustainability","English","Article","Scopus"
"Wang Y.; Li M.; Fu X.; Shao S.; Liu H.","Wang, Yandong (55733892300); Li, Mengmeng (57206698914); Fu, Xiaokang (56997932600); Shao, Shiwei (35175164800); Liu, Hui (57206868684)","55733892300; 57206698914; 56997932600; 35175164800; 57206868684","A New Method to Detect the Development Situation of Disasters Based on Social Media Co-word Network; [基于社交媒体共词网络的灾情发展态势探测方法]","2020","7","10.13203/j.whugis20190054","https://www.scopus.com/pages/publications/85086756398?origin=resultslist","The development trend of disasters can be perceived through mining and analyzing the topics evolution of social media data in disasters. A method of studying the evolution of the topic communities based on the common word network is proposed, so the development trend of the disaster situation can be sensed. Firstly, according to the word frequency-inverse document frequency analysis, the key words related to the topics are selected and a social media co-word network with keywords as nodes is constructed. Thus, the topic community detection is performed on the social media co-word network based on the module optimization. Secondly, on the basis of verifying the topic detection, and the time window division, the evolution types of the topic communities in adjacent time windows are distinguished, and then the result of the topic community evolution is obtained. Finally, taking the 7.21 Beijing Heavy Rainstorm disaster event in 2012 as an example, the proposed method is used to analyze the collected microblog data. The experiment shows that the method can reflect the evolution process of the topics well. It can further reveal the development trend of the disaster, and help emergency managers understand the development process of disasters, so as to assist managers to take appropriate emergency response measures in appropriate time. © 2020, Editorial Board of Geomatics and Information Science of Wuhan University. All right reserved.","Co-word network; Disaster situation; Social media; Topic evolution; Topic mining","Beijing [China]; China; Inverse problems; Managers; Social networking (online); Storms; Development process; Development situations; Development trends; Disaster situations; Emergency response measures; Inverse Document Frequency; Social media datum; Topic communities; data mining; detection method; disaster; frequency analysis; network analysis; social media; trend analysis; Emergency services","Chinese","Article","Scopus"
"Geddam S.M.; Raj Kiran C.A.","Geddam, Samuel Mores (60127092000); Raj Kiran, C.A. (59492509000)","60127092000; 59492509000","Enhancing disaster management effectiveness: An integrated analysis of key factors and practical strategies through Structural Equation Modeling (SEM) and scopus data text mining","2024","17","10.1016/j.ghm.2024.03.001","https://www.scopus.com/pages/publications/105000016180?origin=resultslist","In the 21st century, the surge in natural and human-induced disasters necessitates robust disaster management frameworks. This research addresses a critical gap, exploring dynamics in the successful implementation and performance monitoring of disaster management. Focusing on eleven key elements like Vulnerability and Risk Assessment, Training, Disaster Preparedness, Communication, and Community Resilience, the study utilizes Scopus Database for secondary data, employing Text Mining and MS-Excel for analysis and data management. IBM SPSS (26) and IBM AMOS (20) facilitate Exploratory Factor Analysis (EFA) and Structural Equation Modeling (SEM) for model evaluation. The research raises questions about crafting a comprehensive, adaptable model, understanding the interplay between vulnerability assessment, training, and disaster preparedness, and integrating effective communication and collaboration. Findings offer actionable insights for policy, practice, and community resilience against disasters. By scrutinizing each factor's role and interactions, the research lays the groundwork for a flexible model. Ultimately, the study aspires to cultivate more resilient communities amid the escalating threats of an unpredictable world, fostering effective navigation and thriving. © 2024 The Author(s)","Disaster Management; Exploratory Factor Analysis (EFA); Scopus Data; Structural Equation Modeling (SEM); Text Mining","","English","Article","Scopus"
"Odell S.D.; Bebbington A.","Odell, Scott D. (57200119776); Bebbington, Anthony (7004217568)","57200119776; 7004217568","Mine ownership and community relations: Comparing hydrosocial dynamics of public and private companies in Chile","2023","8","10.1016/j.resourpol.2023.103380","https://www.scopus.com/pages/publications/85148540700?origin=resultslist","Debate over the merits of public versus private control of extractive industries has reemerged in recent electoral cycles of Latin American countries. Outcomes have major political and economic implications, given the global shift to clean energy that will increase demand for minerals such as copper and lithium. Yet less attention has been paid to whether and how socio-environmental relations with host communities may differ between state-owned and private mining companies. We examine this question through analysis of the decision by the National Copper Corporation of Chile (Codelco) to abandon its Andina-244 mine expansion proposal following local protest over harm to glaciers, in contrast to actions by two private companies that faced local opposition over water impacts. Results indicate that stakeholders perceive Codelco to perform worse than private companies on localized socio-environmental issues, owing to spending restrictions, the country's dependence on it for government revenue, and greater pressure placed on international firms. However, its decision to abandon the Andina-244 proposal owed more to the interaction of the geographical, technical, economic, political, downstream, and power relations factors of hydrosocial displacements theory—as well as a new factor, institutional constraints—than to its ownership specifically. These results indicate the need for policy attention to local socio-environmental concerns near public and private mines alike; the importance of policies that counter the creation of sacrifice zones, especially for state-owned operations; and the importance of including peripheral voices in political settlements over natural resources, such as in the current process of rewriting Chile's constitution. © 2023 Elsevier Ltd","Chile; Clean energy; Extractive industries; Latin America; Political ecology; Water","Chile; Latin America; Decision theory; Ecology; Economics; Mining; Public relations; Chile; Clean energy; Codelco; Community relations; Electoral cycles; Extractive industry; Latin America; Political ecology; Private companies; Public company; comparative study; copper; environmental issue; extraction method; lithium; local participation; mine; natural resource; participatory approach; political economy; power relations; public-private partnership; stakeholder; state owned enterprise; Copper","English","Article","Scopus"
"Nyirenda V.R.; Chama L.; Phiri D.; Musuka C.G.; Simuchimba G.; Chibesa M.; Simwanda M.; Siamujompa M.; Kasubika R.; Kapembwa S.; Siachoono S.; Lwali A.C.; Namukonde N.; Nyirenda W.; Chunda-Mwango N.; Kikamba E.; Phiri C.J.; M’doma B.; Nkhata B.A.; Mubemba B.; Murayama Y.","Nyirenda, Vincent R. (55857334800); Chama, Lackson (55569419100); Phiri, Darius (57195738277); Musuka, Confred G. (55311779200); Simuchimba, Grant (58018092900); Chibesa, Moses (56331644000); Simwanda, Matamyo (53871954000); Siamujompa, Mazuba (58616941800); Kasubika, Robby (56000253100); Kapembwa, Sydney (57216487047); Siachoono, Stanford (6508100453); Lwali, Abbie C. (60369138700); Namukonde, Ngawo (57194160097); Nyirenda, Wilfred (58863648200); Chunda-Mwango, Nelly (57191260633); Kikamba, Edwin (58226973800); Phiri, Chisomo J. (58247698900); M’doma, Bongani (60240594600); Nkhata, Bimo A. (26433643400); Mubemba, Benjamin (57192012119); Murayama, Yuji (23393282900)","55857334800; 55569419100; 57195738277; 55311779200; 58018092900; 56331644000; 53871954000; 58616941800; 56000253100; 57216487047; 6508100453; 60369138700; 57194160097; 58863648200; 57191260633; 58226973800; 58247698900; 60240594600; 26433643400; 57192012119; 23393282900","Effects of acid mine drainage from collapsed tailings dam on Zambia’s human riparian communities: a fuzzy cognitive model perspective","2026","1","10.1038/s41598-025-34577-0","https://www.scopus.com/pages/publications/105029216017?origin=resultslist","Acid Mine Drainage (AMD) is a major global environmental and public health concern, particularly in mining areas. Following the collapse of the tailings dam at Sino Metals Leach Limited Mine in Zambia’s Copperbelt Province and the subsequent discharge of mining effluents into the Mwambashi River, a cross-sectional study was conducted to assess the impacts on adjoining human riparian communities. Using the Mentor Modeler software for Fuzzy Cognitive Mapping (FCM), we analysed and predicted the socio-ecological effects of AMD on the communities living adjacent to riparian areas. The study revealed that AMD and the consequent decline in water quality triggered a cascade of adverse socio-economic and health impacts among the communities living adjacent to riparian areas. Understanding the FCMs in emergencies related to such impacts is crucial for targeted interventions, particularly in data-limited environments. These insights can inform more effective allocation of limited financial and technical resources, enhance decision-making by the authorities, and support the development of community-based strategies to empower affected communities and mitigate or prevent future AMD-related disasters. © The Author(s) 2026.","Acid mine drainage; Emergency planning; Environmental disaster; Risk analysis; Social-ecological system; Sustainable development goals","Acids; Cross-Sectional Studies; Environmental Monitoring; Fuzzy Logic; Humans; Mining; Rivers; Water Pollutants, Chemical; Water Quality; Zambia; acid; cross-sectional study; environmental monitoring; fuzzy logic; human; mining; river; water pollutant; water quality; Zambia","English","Article","Scopus"
"Kar N.S.; Basu A.","Kar, Nabendu Sekhar (56335678000); Basu, Anindya (58155256200)","56335678000; 58155256200","A cyclone preparedness plan for the coastal blocks of the Indian Sundarban","2023","14","10.1007/s11852-023-00978-4","https://www.scopus.com/pages/publications/85170372283?origin=resultslist","Sundarban is a designated world heritage with world’s largest contiguous mangrove forest cover, shared by India and Bangladesh. The Indian part is divided into two morphological units: reclaimed section and non-reclaimed mangrove forests. Here alarming changes are reported in light of erratic monsoons, increasing sea levels, salinity, frequent cyclones and coastal flooding, vanishing islands, and socio-economic crisis; leading to growing numbers of ecological refugees. It is one of the most cyclone prone areas in the world. Though there are piecemeal efforts in tackling the menace of cyclone, a holistic cyclone preparedness plan with bottom-up approach is still missing. This lacuna was glaringly highlighted during cyclone Amphan on May 20, 2020, when the state was reeling under the COVID-19 pandemic. To minimize the loopholes in the existing cyclone mitigation practices, the paper tries to prepare a process prototype by involving (a) Occurrence-Resistance-Resilience Analysis and (b) Preparedness-Risk Reduction-Capacity Assessment: encompassing physical and socio-economic parameters. For the first part, vulnerable zone identification through data mining of cyclone occurrence and identification of eroding and stable sections; analysing land use change; studying hydrographic and hydrologic condition affecting the embankment stability; and scrutinising the socio-economic condition and infrastructural amenities present needs to be conducted. The second part entails devising effective management strategies through the following: upgradation of disaster warning system; optimising the location of cyclone shelters and relief distribution centres; efficient relief distribution; and viability checking of insurance cover. This proactive approach reflecting the ground reality would be beneficial for formulating an effective Cyclone Preparedness Plan with a participatory approach. © 2023, The Author(s), under exclusive licence to Springer Nature B.V.","Climate change; Covid-19; Cyclone; Disaster management; Sundarban; Vulnerability","India; climate change; climate effect; COVID-19; disaster management; epidemic; forest cover; forest dynamics; vulnerability","English","Review","Scopus"
"Lavigne F.; Mei E.T.W.; Morin J.; Humaida H.; Moatty A.; de Bélizal E.; Hadmoko D.S.; Grancher D.; Picquout A.","Lavigne, Franck (15738234900); Mei, Estuning Tyas Wulan (55018646400); Morin, Julie (7202209831); Humaida, Hanik (55341598700); Moatty, Annabelle (57193406711); de Bélizal, Edouard (37090459600); Hadmoko, Danang Sri (24337927400); Grancher, Delphine (9276067500); Picquout, Adrien (55605595000)","15738234900; 55018646400; 7202209831; 55341598700; 57193406711; 37090459600; 24337927400; 9276067500; 55605595000","Physical Environment and Human Context at Merapi Volcano: A Complex Balance Between Accessing Livelihoods and Coping with Volcanic Hazards","2023","9","10.1007/978-3-031-15040-1_2","https://www.scopus.com/pages/publications/85147872248?origin=resultslist","Merapi is a two-sided, paradoxical volcano: on the one hand 1.8 million people live on its flanks. It is one of the most densely populated volcanoes on Earth, with population densities averaging 764 inhabitants per square kilometre within a 10 km radius from the summit. The main reasons for the high densities are land resources and associated livelihoods from agriculture, livestock, sand mining, and tourism. On the other hand, Merapi is also one of the world’s most active volcanoes. Dome-collapse pyroclastic density currents (PDCs) occur every few years (e.g. 1994, 2002, 2006), and more violent explosive episodes are generated with an average recurrence interval of several decades (e.g. 1872, 1930, 2010). Risk management at Merapi is based on volcanic hazard zonation (called KRB I, II, and III, from the less exposed to the most exposed), derived from its eruptive history. Since its first publication by the Volcanological Survey of Indonesia in 1978, the danger map has been updated twice, in 2002 and after the deadly eruption of Merapi in 2010. Most of the information is provided by scientists during the ‘raising awareness program’ phase and achieved in the framework of a Community-Based Disaster Risk Management (CBDRM), which empowers communities with self-developed ways of coping with crises due to natural hazards. In periods of emergency, the Center for Volcanology and Geological Hazard Mitigation provides four warning levels of volcanic activity. In 2010, Merapi produced its largest eruption since 1872, damaging around 12,000 buildings, claiming 367 lives, including 200 directly by PDCs, and triggering massive evacuations of up to 400,000 people, as counted in the evacuation camps. © 2023, Springer Nature Switzerland AG.","Capacities; Land resources; Livelihoods; Merapi; Risk and crisis management; Vulnerability","","English","Book chapter","Scopus"
"Levy J.; Prizzia R.","Levy, Jason (10043822500); Prizzia, Ross (56627909800)","10043822500; 56627909800","From data modeling to algorithmic modeling in the big data era: Water resources security in the asia-pacific region under conditions of climate change","2018","10","10.1007/978-3-319-61729-9_9","https://www.scopus.com/pages/publications/85075823586?origin=resultslist","Advances in computing technologies allow machine learning algorithms to automatically, repeatedly and quickly apply complex mathematical calculations to water resources and environmental security challenges. The concomitant increase in “big data” research, development, and applications is also driving the popularity of real-time automated model building and data mining for these security problems under conditions of climate change. The last decade has seen considerable growth in the theory and application in Artificial Intelligence (AI). It is shown that machine learning, a subset of AI, constitutes a data analysis method that focuses on the development of algorithms that can iteratively learn from data to uncover previously “hidden insights” for environmental security managers in the Asia Pacific. It is concluded that deep machine learning (i.e. deep learning) can help to reduce losses to ecosystems, livelihoods, and businesses. In particular, these losses can be more likely prevented and minimized through the use of data and algorithmic modeling that improves community resilience by institutionalizing sustainable hazard mitigation within accepted processes of water resources community planning and economic development before disasters happen. Key environmental threats including foods, population extinction, water quality and climate change are considered. The difference between the algorithmic modeling and data modeling cultures are summarized with reference to the schools in which they originate, the assumptions they work on, the type of data they deal with, and the techniques used. © Springer International Publishing AG 2018.","Algorithmic modeling; Big data; Resilience; Sustainability","","English","Book chapter","Scopus"
"Penning T.M.; Patrick N.; Gray K.; Howarth M.; Yan B.","Penning, Trevor M. (57191867335); Patrick, N. (57212435777); Gray, Kathleen (57663781500); Howarth, Marilyn (56659226500); Yan, Beizhan (8956927800)","57191867335; 57212435777; 57663781500; 56659226500; 8956927800","Environmental health research recommendations from the inter-environmental health sciences core center working group on unconventional natural gas drilling operations","2014","23","10.1289/ehp.1408207","https://www.scopus.com/pages/publications/84915754169?origin=resultslist","Background: Unconventional natural gas drilling operations (UNGDO) (which include hydraulic fracturing and horizontal drilling) supply an energy source that is potentially cleaner than liquid or solid fossil fuels and may provide a route to energy independence. However, significant concerns have arisen due to the lack of research on the public health impact of UNGDO.; Objectives: Environmental Health Sciences Core Centers (EHSCCs), funded by the National Institute of Environmental Health Sciences (NIEHS), formed a working group to review the literature on the potential public health impact of UNGDO and to make recommendations for needed research.; Discussion: The Inter‑EHSCC Working Group concluded that a potential for water and air pollution exists that might endanger public health, and that the social fabric of communities could be impacted by the rapid emergence of drilling operations. The working group recommends research to inform how potential risks could be mitigated.; Conclusions: Research on exposure and health outcomes related to UNGDO is urgently needed, and community engagement is essential in the design of such studies. Citation: Penning TM, Breysse PN, Gray K, Howarth M, Yan B. 2014. Environmental health research recommendations from the Inter-Environmental Health Sciences Core Center Working Group on Unconventional Natural Gas Drilling Operations © 2014, Environmental Health Perspectives. All right reserved.","","Environmental Exposure; Environmental Health; Extraction and Processing Industry; Groundwater; Humans; Natural Gas; Public Health; Research; Water Pollutants, Chemical; Water Pollution; aromatic hydrocarbon; barium; benzene; bromide; carbon dioxide; chloride; diesel fuel; ethane; gasoline; ground water; heavy metal; mercury; methane; nitrogen dioxide; polycyclic aromatic hydrocarbon; propane; radioactive material; sea water; silicon dioxide; strontium; sulfur oxide; trace metal; xylene; natural gas; water pollutant; air pollutant; air pollution; air quality; Article; congenital heart malformation; environmental health sciences core center; fuel and fuel related phenomena; health care organization; human; lung cancer; medical research; nonhuman; participatory research; priority journal; radioactivity; suspended particulate matter; unconventional natural gas drilling operation; waste water management; water contamination; water pollutant; water quality; adverse effects; chemistry; environmental exposure; environmental health; mining; procedures; public health; research; statistics and numerical data; water pollution","English","Article","Scopus"
"Le Q.P.; Xuan Le T.","Le, Quoi Phat (58201750900); Xuan Le, Thuyen (56925324500)","58201750900; 56925324500","Management of Peatland in the Mekong River Delta of Vietnam","2021","2","10.1007/978-981-33-4654-3_29","https://www.scopus.com/pages/publications/85153823441?origin=resultslist","Peatland area in Vietnam is very small compared to that in other countries in Southeast Asia such as Indonesia, Malaysia, and the Philippines. After years of exploitation, most of the peatland areas in Vietnam became negligible except in a few locations in the Mekong River Delta (MRD). Peatlands in the MRD were formed mainly after the middle Holocene transgression period until hundred years ago. The typical types included: ancient coastal marsh peat mixed swampy peat and modern coastal swamp peat. Most of the peatlands are found in ancient swamps and ancient abandoned channel courses scattered across the delta. Many peatland areas in the MRD have been lost, others severely degraded due to inappropriate management practices for decades. They include (1) uncoordinated sectoral approach leading to overlapping management, (2) limited capacity for peatland management, (3) lack of systematic researches on peatlands, and (4) demand for land for food production of poor people living in and around peatland areas. Inappropriate management and lack of knowledge about peatland resources have led to activities that caused loss of peatland resources, including conversion to agricultural land, drainage, mining for organic fertilizer production, fuel, among others. Previously, the area of peatland was estimated to be tens of thousands of hectares. Its area has decreased to about 13,000 ha. The largest area of peatland is mainly in the U Minh region, and few small areas scatter in the Long Xuyen Quadrangle, in the MRD. U Minh peat-swamp is considered a very large peatland located in U Minh Thuong (Kien Giang Province) and U Minh Ha (Ca Mau Provinces), currently, the total remaining peat area is only about 12,667 ha, in which U Minh Thuong and U Minh Ha account for 3231 ha and 9436 ha, respectively. Although only a small area, the U Minh peatland stores a significant amount of carbon. It also has a large area of Melaleuca forest, which is capable of absorbing a significant amount of carbon dioxide from the atmosphere. A large area in U Minh peat-swamp, including U Minh Thuong and U Minh Ha, is now established as national parks for preserving peatland resources, including ecosystems and biodiversity. Both the U Minh Thuong and U Minh Ha peatlands are assessed to have a diversity of wetland ecosystems and high biodiversity of plant and animal species that need to be preserved in Vietnam. Few small peatland areas scattering in the Long Xuyen Quadrangle are being exploited for fertilizer production, although the provincial government has decided to stop exploitation in new areas. Inappropriate hydrological management in U Minh peatlands has resulted in quite serious forest fires and peat fires in previous years, especially forest fires in 2002. Forest fires in peatlands seriously damage not only peat-swamp forest ecosystems but also habitats and animals in both national parks. Integrated water and fire management applied effectively have ceased forest fires in U Minh Thuong National Park since 2009. Meanwhile, U Minh Ha National Park still faces the risks of forest fires and peatland oxidation due to adequate method of water retention in the dry season. Nature conservation in the U Minh peat-swamp has faced a conflict of interest with local communities who have lived in the peatland area for a long time. The demand for agricultural production land and peatland resources as important sources of their livelihoods has been affected after nature reserves establishment. The application of integrated fire and water management, local community-based natural resource management, and afforestation resulted in positive effects on the rehabilitation of U Minh peatland ecosystems and on the socio-economic development for the local community in recent years. © The Editor(s) (if applicable) and The Author(s), under exclusive license to Springer Nature Singapore Pte Ltd. 2021.","Mekong river delta; Melaleuca; Peatlands ecosystems; U Minh Ha; U Minh Thuong","","English","Book chapter","Scopus"
"Wittmann F.","Wittmann, Florian (7005579717)","7005579717","Amazonian Freshwater Wetlands: Biodiversity, Livelihoods, and Conservation","2026","0","10.1002/9781394307166.ch06","https://www.scopus.com/pages/publications/105026427337?origin=resultslist","Amazonian freshwater wetlands vary in hydrology, fertility, and productivity and therefore offer different ecosystem services to humans. While the nutrient-rich large river wetlands along white-water rivers are intensely used for fisheries and agriculture, the other important Amazonian wetland types, such as large river wetlands along black-water and clear-water rivers, riparian wetlands along low-order streams, permanent inundated swamps, and hydromorphic white-sand savannas, are mostly oligotrophic and nutrient-poor and therefore offer only very specific resources and use types. Threats to all Amazonian wetlands are manyfold and increasing, and include deforestation, the construction of river dams, excavations, pollution through mining, pollution through industrial and domestic wastewater, agricultural activities, navigation, fishponds, and the unsustainable resource use of timber and further wetland resources. Climate change leads to higher water temperatures and increasing hydrological extremes, affecting aquatic and floodplain organisms and trophic webs. The effective and integrative protection of Amazonian freshwaters at the landscape level demands national and transnational conservation policies for wetlands and freshwater biodiversity, considering the conservation of entire catchments, stream networks, rivers, and river floodplains. Priority actions should focus on avoiding deforestation and the pollution of waters and sediment by guaranteeing ecohydrological connectivity and the free flow of so far unchanneled and undammed rivers. This can be best achieved through a combination of top-down regulations by similar inclusion of Amazonian residents, and the implementation of community-based, sustainable management practices. © 2026 by John Wiley & Sons, Ltd. All rights reserved.","Fire; Flood pulse; Igapó; Low-order streams; Palm swamps; Ramsar Convention; Sustainable management várzea; White-sand forest","Agricultural economics; Aquatic organisms; Banks (bodies of water); Biodiversity; Conservation; Deforestation; Ecosystems; Fisheries; Floods; Nutrients; River pollution; Rivers; Sustainable development; Wetlands; Flood pulse; Freshwater wetlands; Igapo; Low order; Low-order stream; Palm swamp; Ramsar convention; Sustainable management; Sustainable management varzeum; White-sand forest; Catchments","English","Book chapter","Scopus"
"","","","32nd International Conference on Information System 2011, ICIS 2011, Volume 1","2011","0","","https://www.scopus.com/pages/publications/84884616489?origin=resultslist","The proceedings contain 299 papers. The special focus in this conference is on Information System. The topics include: Situation awareness through social collaboration platforms in distributed work environments; attaining and enacting green leadership; culture and organizational computer-mediated communication; inter-organizational effects on sociomaterial imbrications and change; intrusiveness of online video advertising and its effects on marketing outcomes; dynamic personal feedback in acquiring information to manage your health; emotions as predictors of performance in virtual worlds; a profiling model for readmission of patients with congestive heart failure; information sharing in NHS polyclinics; integrating self-service kiosks into healthcare delivery organizations; an empirical study with strategic alignment in the healthcare industry; improving knowledge-intensive health care processes beyond efficiency; understanding the drivers and outcomes of healthcare organizational privacy responses; IT-based capabilities, service innovation, and quality in health care; microprocesses of healthcare technology implementation under competing institutional logics; understanding the impact of internet media on patient-clinician trust; measuring emotions in electronic markets; social networking and extending social capacity; an entropy index for multitasking behavior; an instrument for measuring SOA maturity; computer-mediated social networks and environmental behavior; an effective and efficient subpopulation extraction method in very large social networks; reputation and preemption strategies in competing technology networks; software adoption under network effects; consumer product consideration and choice at purchase time at online retailers; business values of community source; learning from peers on social media platforms; code architecture and open source software development; the price and quantity of IT-related intangible capital; the impact of third-party information on the dynamics of online word-of-mouth and retail sales; the roles of agency and artifacts in assembling open data complementarities; the role of culture and personality in the leadership process in virtual teams; user satisfaction of E-government procurement systems in developing countries; differences in knowledge seeking ties between the US and Singapore students; modeling quality dynamics in IT services management; herding behavior as a network externality; exploring information systems control alignment in organizations; the user-centered nature of awareness creation in computer-mediated communication; critical factors affecting compliance to campus alerts; substance and influence in brand communities; the attitude construct in IT adoption research - a scientometric analysis; examining trends of technology diffusion theories in information systems; management of change to ensure IS success; information systems development as a social process; testing tournament selection in creative problem solving using crowds; understanding online payment method choice; the influence of demands and resources on emotional exhaustion with the information systems profession; CIO survival and the composition of the top management team; social capital in the ICT sector - a network perspective on executive turnover and startup performance; activity awareness as a means to promote connectedness, willingness to do additional work, and congeniality; effects of media synchronicity on communication performance; comprehension of online consumer-generated product review; the role of product recommendation agents in collaborative online shopping; three classes of attitude and their implications for IS research; gender differences in virtual collaboration on a creative design task; toward deep understanding of persuasive product recommendation agents; understanding is education quality in developing countries; SYSCO's best business practices (BBP); public expenditure management through khajane - an integrated financial MIS; arguments for the adoption of a heuristic approach to IS research; information systems collaborations as boundary spanning; towards an evidence-based research approach in information systems; grounding theory from Delphi studies; PLS marker variable approach to diagnosing and controlling for method variance; benefits from using continuous rating scales in online survey research; evaluating two automatic methods for classifying information technology concepts; exploring interpersonal relationships in security information sharing; explaining the difference between how security cues and security arguments improve secure behavior; the impact of security practices on regulatory compliance and security performance; personal health records in cloud computing environments; empirical analysis of data breach litigation; extending UTAUT to predict the use of location-based services; project and organizational antecedents of effort withholding in IT project teams; modeling and checking business process compliance rules in the financial sector; participation in open source communities and its implications for organizational commitment; an empirical test of the theory of relationship constraints; an approach for portfolio selection in multi-vendor IT outsourcing; the essential dynamics of information infrastructures; a framework for investigating open innovation processes in ISD; four facets of a process modeling facilitator; a conceptual life event framework for government-to-citizen electronic services provision; perceptual congruence between IS users and professionals on IS service quality - insights from response surface analysis; dynamic service level agreement management for efficient operation of elastic information systems; impact of business intelligence and IT infrastructure flexibility on competitive performance; knowledge refinement effectiveness; towards a framework for measuring knowledge management service productivity; measuring the business value of online social media content for marketers; a data-centric perspective for workflow model management; protecting privacy against regression attacks in predictive data mining; the effects of job design on employees' knowledge contribution to electronic repositories; BI and CRM for customer involvement in product and service development; an effective method of discovering target groups on social networking sites; environmental scanning for customer complaint identification in social media; the effects of user identity and sanctions in online communities on real-world behavior; F-commerce and the crucial role of trust; when artificial feedback hurts - empirical evidence from community-based configuration systems; knowledge collaboration in distributed practice communities; a social identity perspective on participation in virtual healthcare communities; boundary-spanning documents in online communities; network stability and social contagion on the mobile internet; digital complementary assets; trusting social location technologies and interactions; telepresence in business meetings; exploring the role of online social network dependency in habit formation; a sociomateriality practice perspective of online social networking; automatic reputation assessment in Wikipedia; strategic decision support for smart-leasing infrastructure-as-a-service; the impact of different types of satisfaction on C2C platform loyalty; automated negotiations under uncertain preferences; nurturing sales entrepreneurship in consumer-to-consumer marketplaces; competing across different channels for personalized service; the influences of negativity and review quality on the helpfulness of online reviews; winner determination of open innovation contests in online markets; a dual view on IT challenges in corporate divestments and acquisitions; managing the IT integration of acquisitions by multi-business organizations; management commitments that maximize business impact from IT; institutional work and artifact evolution; four perspectives on architectural strategy; a coevolutionary journey of strategic knowledge management alignment; use of social media in disaster management; unpacking the duality of design science; acquiring IT competencies through focused technology acquisitions; IT artifacts and the state of IS research; senior scholars' forum and online social networking and citizen engagement.","","","English","Conference review","Scopus"
"Lobo G.S.; Gil J.O.; da Silva R.F.B.; Moran E.F.","Lobo, Guilherme S. (60114614300); Gil, Jorge O. (60114614400); da Silva, Ramon F. B. (49862903000); Moran, Emilio F. (7202641088)","60114614300; 60114614400; 49862903000; 7202641088","Downstream impacts of the Madeira Hydroelectric Complex on várzea traditional agriculture and extractivism","2025","0","10.5751/ES-16518-300333","https://www.scopus.com/pages/publications/105017078392?origin=resultslist","Hydropower development in the Amazon has accelerated under public and private incentives, aiming to promote economic growth, environmental conservation, renewable energy, and social equity within a sustainable development agenda. However, recent studies show significant negative impacts on local communities and ecosystems, raising concerns about hydropower’s true contribution to sustainability. Despite increasing awareness, research has largely overlooked the downstream effects of hydropower dams. Since the Madeira Hydroelectric Complex became operational, it has introduced sub-daily flow oscillations (hydropeaking) in the Madeira River, Southwest Amazon. Although poorly understood, hydropeaking can disrupt the river’s essential flood pulse, which rural riverine communities, known as ribeirinho, depend on for traditional flood recession agriculture and extractivism in the whitewater floodplains (várzea). These communities have long adapted their livelihoods to seasonal flood dynamics, using both low-and high-gradient várzea floodplains, but this downstream flow alteration may be affecting the várzea social-ecological system and must be investigated. To investigate hydropeaking’s effects, we conducted semi-structured interviews with local experts (n = 51) of four downstream ribeirinho communities, along with hydrological and soil analyses. Our findings reveal a shift in agricultural practices, particularly in flood recession agriculture in low-várzea areas. Soil analysis corroborates local experts’ concern about declining fertility, showing reduced phosphorus content following dam operations. Additionally, the extreme 2014 flood and expanding illegal gold mining have further diminished engagement in extractivist activities. A truly sustainable future for the Madeira River depends on revitalizing várzea-based value chains while preserving both ecological integrity and social resilience. We recommend establishing an independent monitoring group composed of ribeirinho communities and local scientists to assess downstream impacts on the várzea social-ecological system. Furthermore, targeted compensation and mitigation projects should be implemented to promote the sustainable use of várzea resources. © 2025 by the author(s).","Amazon; extractivism; flood recession agriculture; hydropeaking; traditional livelihoods","Amazonia; Brazil; Madeira River; alternative energy; conservation management; economic growth; environmental economics; environmental management; environmental monitoring; floodplain; future prospect; hydroelectric power plant; livelihood; mitigation; peak flow; policy implementation; resource development; river flow; sustainability; Sustainable Development Goal; traditional agriculture","English","Article","Scopus"
"Balletto G.; Milesi A.; Battino S.; Borruso G.; Mundula L.","Balletto, Ginevra (55969974900); Milesi, Alessandra (57209749479); Battino, Silvia (55315604300); Borruso, Giuseppe (22333241000); Mundula, Luigi (56764564000)","55969974900; 57209749479; 55315604300; 22333241000; 56764564000","Slow Tourism and Smart Community. The Case of Sulcis - Iglesiente (Sardinia -Italy)","2019","5","10.1007/978-3-030-24311-1_13","https://www.scopus.com/pages/publications/85068607064?origin=resultslist","In the last few years the term resilience has entered into force in the policies and practices concerning the territorial development. The paper, interpreting the territory through the paradigm of systemic complexity, aim to read the territorial resilience in a dynamic and procedural sense that is as the response to change not simply according to adaptive (passive) modalities, but through a reaction, that is by implementing a “regenerative” response from the territory and, therefore, from its communities. In other words, there is a community resilience that shows itself through the capacity of human groups to resist environmental changes, which involves upheavals not only of a natural, but also of a social nature. It resists, even not restoring the previous balance, but preserving identity through the change and adaptation to new situations. In this framework the aim of the paper is to represent the slow network of the Sulcis Iglesiente area in the Sardinia region - a vulnerable area due to it has been affected by an intense mining activity and more recently hit by flooding events and socio-economic stress - and the role of the smart community in relaunching its touristic image. Here, in fact, started in 2016 a slow tourism experience in the shape of a way practicable on foot, by bicycle or on horseback, that retraces the ancient mining routes of the Sulcis Iglesiente - Guspinese, developing a ring of about 400 km length. © 2019, Springer Nature Switzerland AG.","Ecological tourism; Slow tourism; Sustainable tourism","Sustainable development; Community resiliences; Ecological tourism; Environmental change; Mining activities; Slow tourism; Socio-economics; Sustainable tourism; Territorial development; Smart city","English","Conference paper","Scopus"
"Jiaxing Z.; Fei L.; Jin-an W.; Anqi G.; Chengyuan H.","Jiaxing, Zhou (57782740800); Fei, Li (56601909200); Jin-an, Wang (55993690700); Anqi, Gao (57224985253); Chengyuan, He (57353183400)","57782740800; 56601909200; 55993690700; 57224985253; 57353183400","Stability Control of Slopes in Open-Pit Mines and Resilience Methods for Disaster Prevention in Urban Areas: A Case Study of Fushun West Open Pit Mine","2022","8","10.3389/feart.2022.879387","https://www.scopus.com/pages/publications/85133545177?origin=resultslist","During the century-long mining process of the Fushun west open pit, slope slippage and deformation caused varying degrees of horizontal deformation, uneven settlement, and ground cracks on the surface of the urban areas, which caused a certain degree of damage to buildings and infrastructure and affected the livings of residents in the surrounding communities. In this study, a set of building reinforcement and community resilience enhancement methods that can resist slope deformation was proposed to improve the ability of urban areas to cope with slope geological hazards and emergency response. The main research contents included: Firstly, this paper systematically analyzed the deformation mechanism of the dip sloping and the inverse dip sloping section of the open pit mine, which was based on the field measured data and simulation calculation results. In other words, the horizontal deformation of the stratum in the dip sloping section was dominant, while the stratum in the inverse dip sloping section was prone to ground cracks and uneven settlement. In view of this, three surface deformation characteristic subdivisions of the surrounding urban area were proposed. In addition, a study on the damage characteristics of buildings with different types of foundations and structures under the influence of side slope deformation were carried out, and the anti-deformation reinforcement measures for load-bearing members mainly based on steel fiber concrete, carbon fiber materials and profile steel were proposed. Finally, a three-level disaster emergency setting system for urban areas around open pit mine was established, and the disaster prevention and resilience enhancement strategy for build and unbuilt the communities around the side slopes was constructed. The study aims to provide technical support to the overall resilience and response of the urban communities adjacent to open-pit mine slopes against consequent geological hazards and emergencies, thereby promoting sustainable urban development. Copyright © 2022 Jiaxing, Fei, Jin-an, Anqi and Chengyuan.","building damage; deformation-resistant reinforcement; disaster resilience; open pit slope; solpe deformation","China; Fushun; Liaoning; deformation mechanism; disaster management; geological hazard; hazard assessment; open pit mine; slope stability; stability analysis; urban area; urban development","English","Article","Scopus"
"Misa R.; Sroka A.; Mrocheń D.","Misa, Rafał (56866167400); Sroka, Anton (6602868010); Mrocheń, Dawid (57204184409)","56866167400; 6602868010; 57204184409","Evaluating Surface Stability for Sustainable Development Following Cessation of Mining Exploitation","2025","9","10.3390/su17030878","https://www.scopus.com/pages/publications/85217665339?origin=resultslist","While the cessation of underground mining operations reduces immediate risks to surface structures, it does not fully eliminate long-term surface hazards, which can hinder the sustainable development of post-mining communities. This study presents a combination of analytical and practical methods to quantitatively assess these persistent hazards, focusing on three critical areas: the risk of surface instability from discontinuous phenomena at shallow road headings, the progression of subsidence after mining has ceased, and surface uplift due to rising mine water levels. By providing practical examples, this research highlights the importance of ongoing monitoring and hazard assessment to support sustainable land use in former mining regions. These findings contribute to a broader understanding of post-mining environmental impacts, offering valuable insights into mitigating surface risks that can influence local sustainability efforts. This study supports the global drive toward sustainable development by addressing the long-term effects of resource extraction on land stability and community resilience. © 2025 by the authors.","discontinuous deformations; environmental sustainability; mine closure; mine flooding; residual subsidence; surface deformations; sustainable post-mining; uplift","exploitation; flooding; hazard assessment; instability; land use; mining; subsidence; sustainable development; uplift","English","Article","Scopus"
"Miao S.; Li F.","Miao, Shengjun (23393205100); Li, Fei (56601909200)","23393205100; 56601909200","STABILITY CONTROL OF SLOPES IN OPEN-PIT MINES AND RESILIENCE METHODS FOR DISASTER PREVENTION IN URBAN AREAS: A CASE STUDY OF FUSHUN WEST OPEN PIT MINE","2023","0","","https://www.scopus.com/pages/publications/85204393626?origin=resultslist","During the century-long mining process of the Fushun west open pit, slope slippage and deformation caused varying degrees of horizontal deformation, uneven settlement, and ground cracks on the surface of the urban areas, which caused a certain degree of damage to buildings and infrastructure and affected the livings of residents in the surrounding communities. In this study, a set of building reinforcement and community resilience enhancement methods that can resist slope deformation was proposed to improve the ability of urban areas to cope with slope geological hazards and emergency response. The main research contents included: Firstly, this paper systematically analyzed the deformation mechanism of the dip sloping and the inverse dip sloping section of the open pit mine, which was based on the field measured data and simulation calculation results. In other words, the horizontal deformation of the stratum in the dip sloping section was dominant, while the stratum in the inverse dip sloping section was prone to ground cracks and uneven settlement. In view of this, three surface deformation characteristic subdivisions of the surrounding urban area were proposed. In addition, a study on the damage characteristics of buildings with different types of foundations and structures under the influence of side slope deformation were carried out, and the anti-deformation reinforcement measures for load-bearing members mainly based on steel fiber concrete, carbon fiber materials and profile steel were proposed. Finally, a three-level disaster emergency setting system for urban areas around open pit mine was established, and the disaster prevention and resilience enhancement strategy for build and unbuilt the communities around the side slopes was constructed. The study aims to provide technical support to the overall resilience and response of the urban communities adjacent to open-pit mine slopes against consequent geological hazards and emergencies, thereby promoting sustainable urban development. © 2023 IMCET 2023 - Proceedings of the 28th International Mining Congress and Exhibition of Turkey. All rights reserved.","deformation-resistant reinforcement; disaster resilience; Open pit slope; solpe deformation; stability control","Disaster prevention; Disasters; Fiber reinforced concrete; Manganese mines; Mortar; Urban planning; Deformation-resistant reinforcement; Disaster resiliences; Horizontal deformation; Open pit; Open pit slope; Pit mines; Pit slopes; Solpe deformation; Stability control; Urban areas; Steel fibers","English","Conference paper","Scopus"
"da Silva Rosa T.; de Mendonca M.B.; SebastiÃ£o A.A.; Sathler M.; Souza R.M.; Monteiro T.G.; Costa M.; Simplicio M.A.; Reginensi C.; de Angelo M.; de Angelo V.","da Silva Rosa, Teresa (37088325100); de Mendonca, Marcos Barreto (35562581300); SebastiÃ£o, AcÃ¡cio Augusto (57210819997); Sathler, Marcelo (57210822308); Souza, Ricardo Matos (57210750927); Monteiro, TÃºlio Gava (56988872100); Costa, Mirian (57210813275); Simplicio, Maria Araguacy (57210811816); Reginensi, Caterine (53874233600); de Angelo, Michelly (57499659200); de Angelo, Vitor (57210816152)","37088325100; 35562581300; 57210819997; 57210822308; 57210750927; 56988872100; 57210813275; 57210811816; 53874233600; 57499659200; 57210816152","Peripheral Urban Territories, Disasters and Extreme Events: The Case of Morro Da Boa Vista (Vila Velha, EspÃ­rito Santo, Brazil)","2018","2","10.1007/978-3-319-56946-8_16","https://www.scopus.com/pages/publications/85067620108?origin=resultslist","Located in the Vitoria Metropolitan Region (Brazil), Vila Velha (VV) is the oldest site and the second largest municipality in EspÃ­rito Santo State. Having socioenvironmental problems related to impactful projects (ports, mining and oil industries, real estate) as a result of late development process, there are knowledge gaps related to the urbanization process of risk areas (such as slopes and floodplain areas), contributing to the construction of socioenvironmental vulnerable communities. Based on interviews conducted in 2015â€“2016 with people who have experienced the occupation process and the increase of geohydrological problems, this study aims at understanding their perceptions of the land use process and socioenvironmental risks as well as their adaptation strategies. These territories are under risk related to floods or mass movements (for instance those in December 2013 and January 2016) and also health problems, showing their weakness to weather extreme events; and dwellers compelled to adopt spontaneous adaptation strategies to face these problems. This study is part of an interdisciplinary research project titled as â€œUnderstanding socio-environmental vulnerability construction in modern urban contexts: The case of Vila Velha (ES)â€, funded by the National Research Council for Scientific and Technological Development (CNPq) and VV University. Â© 2018, Springer International Publishing AG.","Disaster; Extreme events-Vila Velha; Peripheral territories; Vulnerability","","English","Book chapter","Scopus"
"Yoon S.; Co M.C., Jr.; Suero-Tejeda N.; Bakken S.","Yoon, Sunmoo (35072135900); Co, Manuel C. (7004406571); Suero-Tejeda, Niurka (36969386800); Bakken, Suzanne (7005058463)","35072135900; 7004406571; 36969386800; 7005058463","A data mining approach for exploring correlates of self-reported comparative physical activity levels of urban Latinos","2016","1","10.3233/978-1-61499-658-3-553","https://www.scopus.com/pages/publications/84978782706?origin=resultslist","We applied data mining techniques to a community-based behavioral dataset to build prediction models to gain insights about physical activity levels as the foundation for future interventions for urban Latinos. Our application of data mining strategies identified environment factors including having a convenient location for physical activity and psychological factors including depression as the strongest correlates of self-reported comparative physical activity among hundreds of variables. The data mining methods were useful to build prediction models to gain insights about perceptions of physical activity behavior as compared to peers. © 2016 IMIA and IOS Press.","Classification; Feature selection; Motivation; Physical activity","Adult; Aged; Data Mining; Databases, Factual; Depression; Exercise; Female; Health Behavior; Hispanic Americans; Humans; Male; Middle Aged; New York; Prevalence; Risk Factors; Risk Reduction Behavior; Sedentary Lifestyle; Self Report; Surveys and Questionnaires; United States; Urban Population; Young Adult; Classification (of information); Feature extraction; Motivation; Nursing; Community-based; Data mining methods; Environment factors; Gain insight; Physical activity; Physical activity levels; Prediction model; Psychological factors; classification; data mining; human; human experiment; model; motivation; perception; physical activity; prediction; psychological aspect; adult; aged; data mining; depression; ethnology; exercise; factual database; female; health behavior; Hispanic; male; middle aged; New York; prevalence; procedures; questionnaire; risk factor; risk reduction; sedentary lifestyle; self report; statistics and numerical data; United States; urban population; young adult; Data mining","English","Conference paper","Scopus"
"Weiner J.M.; Walsh J.J., Jr","Weiner, John M. (57192216321); Walsh, John J. (57225694342)","57192216321; 57225694342","Community resilience assessment and literature analysis","2015","3","","https://www.scopus.com/pages/publications/85001833287?origin=resultslist","Earlier and current disaster-related research emphasised the sociological/behavioural perspective. This led to a significant amount of literature devoted to descriptive context of natural, man-made and technological disasters and sequelae. This paper considers a next step involving a more expanded approach in research methodology. The phases include: (1) the development of a comprehensive database of ideas provided by authors of scholarly and scientific papers; (2) the development of computer-supported algorithms to prepare an array of scenarios representing relationships, gaps and inconsistencies in existing knowledge; (3) a process for evaluating the scenarios to determine a feasible and interesting next research strategy or programmatic action that will provide enhanced description of the problems as well as possible insights to their correction by interventions. The intent is to develop interventions as an essential component for better prevention, mitigation, rehabilitation, reconstruction and problem-solving affected by disaster events. To illustrate this approach, community resilience, a relatively new and important idea was studied. The phrase was used to describe relationships and omissions. The ideas associated with this central idea were considered in the building of a new instrument for evaluation of community vulnerability and readiness. This methodology addresses the time constraints realised by practitioners and investigators. The methods should eliminate tedious, clerical functions and focus on the intellectual functions representing optimal use of human energy. ","","Data Mining; Data Mining; Disaster Planning; Disaster Planning; Humans; Humans; Residence Characteristics; Residence Characteristics; data mining; demography; disaster planning; human","English","Review","Scopus"
"","","","32nd International Conference on Information System 2011, ICIS 2011, Volume 4","2011","0","","https://www.scopus.com/pages/publications/84884646972?origin=resultslist","The proceedings contain 299 papers. The special focus in this conference is on Information System. The topics include: Situation awareness through social collaboration platforms in distributed work environments; attaining and enacting green leadership; culture and organizational computer-mediated communication; inter-organizational effects on sociomaterial imbrications and change; intrusiveness of online video advertising and its effects on marketing outcomes; dynamic personal feedback in acquiring information to manage your health; emotions as predictors of performance in virtual worlds; a profiling model for readmission of patients with congestive heart failure; information sharing in NHS polyclinics; integrating self-service kiosks into healthcare delivery organizations; an empirical study with strategic alignment in the healthcare industry; improving knowledge-intensive health care processes beyond efficiency; understanding the drivers and outcomes of healthcare organizational privacy responses; IT-based capabilities, service innovation, and quality in health care; microprocesses of healthcare technology implementation under competing institutional logics; understanding the impact of internet media on patient-clinician trust; measuring emotions in electronic markets; social networking and extending social capacity; an entropy index for multitasking behavior; an instrument for measuring SOA maturity; computer-mediated social networks and environmental behavior; an effective and efficient subpopulation extraction method in very large social networks; reputation and preemption strategies in competing technology networks; software adoption under network effects; consumer product consideration and choice at purchase time at online retailers; business values of community source; learning from peers on social media platforms; code architecture and open source software development; the price and quantity of IT-related intangible capital; the impact of third-party information on the dynamics of online word-of-mouth and retail sales; the roles of agency and artifacts in assembling open data complementarities; the role of culture and personality in the leadership process in virtual teams; user satisfaction of E-government procurement systems in developing countries; differences in knowledge seeking ties between the US and Singapore students; modeling quality dynamics in IT services management; herding behavior as a network externality; exploring information systems control alignment in organizations; the user-centered nature of awareness creation in computer-mediated communication; critical factors affecting compliance to campus alerts; substance and influence in brand communities; the attitude construct in IT adoption research - a scientometric analysis; examining trends of technology diffusion theories in information systems; management of change to ensure IS success; information systems development as a social process; testing tournament selection in creative problem solving using crowds; understanding online payment method choice; the influence of demands and resources on emotional exhaustion with the information systems profession; CIO survival and the composition of the top management team; social capital in the ICT sector - a network perspective on executive turnover and startup performance; activity awareness as a means to promote connectedness, willingness to do additional work, and congeniality; effects of media synchronicity on communication performance; comprehension of online consumer-generated product review; the role of product recommendation agents in collaborative online shopping; three classes of attitude and their implications for IS research; gender differences in virtual collaboration on a creative design task; toward deep understanding of persuasive product recommendation agents; understanding is education quality in developing countries; SYSCO's best business practices (BBP); public expenditure management through khajane - an integrated financial MIS; arguments for the adoption of a heuristic approach to IS research; information systems collaborations as boundary spanning; towards an evidence-based research approach in information systems; grounding theory from Delphi studies; PLS marker variable approach to diagnosing and controlling for method variance; benefits from using continuous rating scales in online survey research; evaluating two automatic methods for classifying information technology concepts; exploring interpersonal relationships in security information sharing; explaining the difference between how security cues and security arguments improve secure behavior; the impact of security practices on regulatory compliance and security performance; personal health records in cloud computing environments; empirical analysis of data breach litigation; extending UTAUT to predict the use of location-based services; project and organizational antecedents of effort withholding in IT project teams; modeling and checking business process compliance rules in the financial sector; participation in open source communities and its implications for organizational commitment; an empirical test of the theory of relationship constraints; an approach for portfolio selection in multi-vendor IT outsourcing; the essential dynamics of information infrastructures; a framework for investigating open innovation processes in ISD; four facets of a process modeling facilitator; a conceptual life event framework for government-to-citizen electronic services provision; perceptual congruence between IS users and professionals on IS service quality - insights from response surface analysis; dynamic service level agreement management for efficient operation of elastic information systems; impact of business intelligence and IT infrastructure flexibility on competitive performance; knowledge refinement effectiveness; towards a framework for measuring knowledge management service productivity; measuring the business value of online social media content for marketers; a data-centric perspective for workflow model management; protecting privacy against regression attacks in predictive data mining; the effects of job design on employees' knowledge contribution to electronic repositories; BI and CRM for customer involvement in product and service development; an effective method of discovering target groups on social networking sites; environmental scanning for customer complaint identification in social media; the effects of user identity and sanctions in online communities on real-world behavior; F-commerce and the crucial role of trust; when artificial feedback hurts - empirical evidence from community-based configuration systems; knowledge collaboration in distributed practice communities; a social identity perspective on participation in virtual healthcare communities; boundary-spanning documents in online communities; network stability and social contagion on the mobile internet; digital complementary assets; trusting social location technologies and interactions; telepresence in business meetings; exploring the role of online social network dependency in habit formation; a sociomateriality practice perspective of online social networking; automatic reputation assessment in Wikipedia; strategic decision support for smart-leasing infrastructure-as-a-service; the impact of different types of satisfaction on C2C platform loyalty; automated negotiations under uncertain preferences; nurturing sales entrepreneurship in consumer-to-consumer marketplaces; competing across different channels for personalized service; the influences of negativity and review quality on the helpfulness of online reviews; winner determination of open innovation contests in online markets; a dual view on IT challenges in corporate divestments and acquisitions; managing the IT integration of acquisitions by multi-business organizations; management commitments that maximize business impact from IT; institutional work and artifact evolution; four perspectives on architectural strategy; a coevolutionary journey of strategic knowledge management alignment; use of social media in disaster management; unpacking the duality of design science; acquiring IT competencies through focused technology acquisitions; IT artifacts and the state of IS research; senior scholars' forum and online social networking and citizen engagement.","","","English","Conference review","Scopus"
"Bauserman S.F.; Ortiz J.N.; Saravia J.C.R.; Sheffield J.W.; Mereu M.J.","Bauserman, Stewart F. (57865297800); Ortiz, Johnny Nahui (57204844690); Saravia, Jose Cesar Ramos (26656138100); Sheffield, John W. (55684263100); Mereu, Matteo J. (58086184400)","57865297800; 57204844690; 26656138100; 55684263100; 58086184400","VERTICALLY INTEGRATED PROJECTS AS A TRANSFORMATIVE PEDAGOGY FOR GREEN HYDROGEN STUDY ABROAD PROGRAMS","2022","0","","https://www.scopus.com/pages/publications/85147194886?origin=resultslist","The introduction of transformative pedagogy provides for active learning in the incentivized, faculty-led, study abroad programs focused on green hydrogen projects. These study abroad programs utilize Purdue's Hydrogen Learning HUB, which is comprised of the Vertically Integrated Projects, Collaborative Online International Learning, Hub of Intercultural Learning, and Strategic Doing educational programs. Two faculty-led study abroad programs have been developed, one in Peru during Spring Break and one in Europe during a 4-week summer term. The Peruvian program is focused on two open-pit mines, the Falchani Lithium and the Quellaveco Copper projects, for green hydrogen technology integration into the mining operations. American Lithium Corporation is developing the Falchani mine located in the Andes Mountains. The Falchani mine is the world's sixth-largest hard rock lithium deposit. The Quellaveco mine, which is being developed by Anglo American Perú, in partnership with the Mitsubishi Corporation, is one of the world's largest copper deposits. The summer study abroad focuses on remote island communities, such as the Orkney Islands, as an ideal candidate for evaluation of green hydrogen technology integration into remote communities on islands. Currently, the community-based renewable energy systems on the Orkney Islands generate more than 130% of the electric energy consumed. © 2022 Proceedings of WHEC 2022 - 23rd World Hydrogen Energy Conference: Bridging Continents by H2. All rights reserved.","Green hydrogen; Transformative pedagogy; Vertically integrated projects","Copper deposits; Deposits; Open pit mining; Renewable energy resources; Active Learning; Educational program; Green hydrogen; Hydrogen technologies; Integrated programs; Intercultural learning; Study abroad; Technology Integration; Transformative pedagogy; Vertically integrated project; Lithium","English","Conference paper","Scopus"
"Flemmer R.; Schilling‐Vacaflor A.","Flemmer, Riccarda (56921856700); Schilling‐Vacaflor, Almut (25622806800)","56921856700; 25622806800","Unfulfilled promises of the consultation approach: the limits to effective indigenous participation in Bolivia’s and Peru’s extractive industries","2016","99","10.1080/01436597.2015.1092867","https://www.scopus.com/pages/publications/84957850182?origin=resultslist","Indigenous peoples’ right to prior consultation and to informed consent represents the basis of the new global model shaping state–indigenous relations. Consultation processes promise to enable indigenous people to determine their own development and are especially promoted when extraction projects with significant socio-environmental impacts are planned on indigenous lands. In this article we draw on debates on participatory development in order to analyse the first state-led consultations in Bolivia’s and Peru’s hydrocarbon sectors (2007–14). The analysis shows that effective participation has been limited by (1) an absence of indigenous ownership of the processes; (2) indigenous groups’ difficulties defending or even articulating their own visions and demands; and (3) limited or very general outcomes. The study identifies real-life challenges, such as power asymmetries, a ‘communication hurdle’ and appropriate timing – as well as simplistic assumptions underlying the consultation approach – that account for the unfulfilled promises of this new model. © 2016 Southseries Inc., www.thirdworldquarterly.com.","Bolivia; extractive industry; free, prior and informed consent (FPIC); indigenous people; participatory development; Peru; Prior consultation","Bolivia; Peru; decision making; human rights; indigenous population; local participation; ownership; participatory approach","English","Article","Scopus"
"McDaniel E.L.","McDaniel, Emma Louise (58350767300)","58350767300","Student Research Abstract: Unsupervised Key Term Extraction of Tornado Narratives from NOAA Storm Events Database","2023","1","10.1145/3555776.3577211","https://www.scopus.com/pages/publications/85162850328?origin=resultslist","Disaster records are often composed of key metrics of the disaster event and its monetary cost. While the cost of the event is helpful for insurance adjustments, the monetary impact of a disaster is not conducive for disaster preparedness planners to build community resilience. Often, there are natural language narratives about the disaster event, like in the National Oceanic and Atmospheric Administration (NOAA) Storm Events Database, that contain essential information but are not easily retrievable because of their unstructured nature. These narratives need to be text mined in order to retrieve the impacts of the disasters in order to structure the data for further use. The method proposed in this abstract is a critical first step in the process. It is an unsupervised key term extraction method using sentence transformers to create embeddings that are then clustered, and assigned key terms by utilizing the highest term frequency-inverse document frequency (tf-idf) scores for the sentences in the narratives.  © 2023 Owner/Author(s).","disaster informatics; extraction; informational retrieval; transformers; unsupervised methods","Abstracting; Data mining; Disaster prevention; Disasters; Storms; Text processing; Disaster informatic; Informatics; Informational retrieval; Key term extraction; Monetary costs; National Oceanic and Atmospheric Administration; Storm events; Student research; Transformer; Unsupervised method; Extraction","English","Conference paper","Scopus"
"McGuire M.P.; Gangopadhyay A.","McGuire, Michael P. (16203300300); Gangopadhyay, Aryya (7101627008)","16203300300; 7101627008","MOdeling, visualizing, and mining hydrologic spatial hierarchies for water quality management","2006","1","","https://www.scopus.com/pages/publications/84869071192?origin=resultslist","Water quality managers analyze data collected in the field to assess environmental conditions and enact policy based on water quality impairments identified in this analysis. Water quality is often based on measures of water chemistry and the health of biological communities. There are many factors spread across the landscape that contribute to water quality. This adds a spatial dimension to the problem. Furthermore, data are often analyzed based on aggregations of site level data to multiple hierarchies of watersheds. This paper presents a multidimensional data model which incorporates hydrological spatial hierarchies for the purpose of analyzing water quality data at multiple resolutions. The data model was implemented in a relational database management system and linked with a geographic information system to provide visual exploration of data across multiple levels within the spatial hierarchy. Data mining techniques such as classification and association rule generation were applied to data at multiple levels of the hydrologic spatial hierarchy. Classification was applied to predict the health of fish communities based on site habitat characteristics and measures of water chemistry. Association rules were developed to determine relationships between site characteristic and water quality variables and fish community health. The results of the classification and association rules were then compared across two levels of the hydrographic spatial hierarchy.","","Association rules; Database systems; Fish; Geographic information systems; Hydrochemistry; Information retrieval; Information science; Models; Photogrammetry; Remote sensing; Water conservation; Water management; Water supply; Biological community; Data mining techniques; Environmental conditions; Fish communities; Multidimensional data models; Multiple levels; Multiple resolutions; Quality managers; Relational database management systems; Site characteristics; Spatial dimension; Spatial hierarchy; Visual exploration; Water chemistry; Water quality data; Water quality impairment; Water quality","English","Conference paper","Scopus"
"Greig H.S.; Niyogi D.K.; Hogsden K.L.; Jellyman P.G.; Harding J.S.","Greig, Hamish S. (8623032400); Niyogi, Dev K. (57203474131); Hogsden, Kristy L. (6506495464); Jellyman, Phillip G. (25634215100); Harding, Jon S. (7402342700)","8623032400; 57203474131; 6506495464; 25634215100; 7402342700","Heavy metals: Confounding factors in the response of New Zealand freshwater fish assemblages to natural and anthropogenic acidity","2010","46","10.1016/j.scitotenv.2010.04.006","https://www.scopus.com/pages/publications/77953697094?origin=resultslist","Acidification of freshwaters is a global phenomenon, occurring both through natural leaching of organic acids and through human activities from industrial emissions and mining. The West Coast of the South Island, New Zealand, has both naturally acidic and acid mine drainage (AMD) streams enabling us to investigate the response of fish communities to a gradient of acidity in the presence and absence of additional stressors such as elevated concentrations of heavy metals. We surveyed a total of 42 streams ranging from highly acidic (pH 3.1) and high in heavy metals (10mgL-1 Fe; 38mgL-1 Al) to circum-neutral (pH 8.1) and low in metals (0.02mgL-1 Fe; 0.05mgL-1 Al). Marked differences in pH and metal tolerances were observed among the 15 species that we recorded. Five Galaxias species, Anguilla dieffenbachii and Anguilla australis were found in more acidic waters (pH<5), while bluegill bullies (Gobiomorphus hubbsi) and torrentfish (Cheimarrichthys fosteri) were least tolerant of low pH (minimum pH 6.2 and 5.5, respectively). Surprisingly, the strongest physicochemical predictor of fish diversity, density and biomass was dissolved metal concentrations (Fe, Al, Zn, Mn and Ni) rather than pH. No fish were detected in streams with dissolved metal concentrations >2.7mgL-1 and nine taxa were only found in streams with metal concentrations <1mgL1. The importance of heavy metals as critical drivers of fish communities has not been previously reported in New Zealand, although the mechanism of the metal effects warrants further study. Our findings indicate that any remediation of AMD streams which seeks to enable fish recolonisation should aim to improve water quality by raising pH above ~4.5 and reducing concentrations of dissolved Al and Fe to <1.0mgL-1. © 2010 Elsevier B.V.","Acidification; AMD; Local adaptation; Multiple stressors; Toxicity; Trace metals","Acids; Animals; Confounding Factors (Epidemiology); Fresh Water; Hydrogen-Ion Concentration; Metals, Heavy; Water Pollutants, Chemical; New Zealand; South Island; West Coast [South Island]; Anguilla australis; Anguilla dieffenbachii; Cheimarrichthys fosteri; Galaxias; Gobiomorphus hubbsi; Lepomis macrochirus; Philypnodon; Aluminum; Concentration (process); Dissolution; Fish; Heavy metals; Industrial emissions; Leaching; Manganese; Manganese compounds; Metals; Organic acids; Toxicity; Trace analysis; Water pollution; Water quality; Zinc; aluminum; heavy metal; iron; manganese; nickel; zinc; acid; fresh water; heavy metal; water pollutant; Acid mine drainage; Acidic water; AMD; Dissolved metal concentrations; Elevated concentrations; Fish communities; Fresh Water; Freshwater fishes; Human activities; Local adaptation; Metal concentrations; Metal tolerance; Multiple stressors; Natural leaching; New zealand; South Island , New Zealand; Trace metal; West coast; acid mine drainage; acidification; acidity; community response; fish; freshwater; heavy metal; industrial emission; local adaptation; pH; pollution tolerance; remediation; trace metal; water quality; acid mine drainage; acidification; acidity; Anguilla australis; Anguilla dieffenbachii; article; biomass; Cheimarrichthys fosteri; community structure; concentration (parameters); concentration response; controlled study; density gradient; eel; environmental impact assessment; freshwater environment; freshwater fish; Galaxias; Gobiomorphus hubbsi; metal tolerance; New Zealand; nonhuman; pH measurement; physical chemistry; priority journal; sensitivity analysis; species difference; species diversity; water contamination; analysis; animal; epidemiology; pH; water pollutant; Trace elements","English","Article","Scopus"
"Christian W.J.; Flunker J.; May B.; Westneat S.; Sanderson W.T.; Schoenberg N.; Browning S.R.","Christian, W. Jay (7006318256); Flunker, John (56641853700); May, Beverly (57214731728); Westneat, Susan (6602960363); Sanderson, Wayne T. (7005322894); Schoenberg, Nancy (7003479999); Browning, Steven R. (7005801298)","7006318256; 56641853700; 57214731728; 6602960363; 7005322894; 7003479999; 7005801298","Adult asthma associated with roadway density and housing in rural Appalachia: the Mountain Air Project (MAP)","2023","4","10.1186/s12940-023-00984-x","https://www.scopus.com/pages/publications/85151044675?origin=resultslist","Background: Appalachian Kentucky is a rural area with a high prevalence of asthma among adults. The relative contribution of environmental exposures in the etiology of adult asthma in these populations has been understudied. Objective: This manuscript describes the aims, study design, methods, and characteristics of participants for the Mountain Air Project (MAP), and focuses on associations between small area environmental exposures, including roadways and mining operations, and lifetime and current asthma in adults. Methods: A cohort of residents, aged 21 and older, in two Kentucky counties, was enrolled in a community-based, cross-sectional study. Stratified cluster sampling was used to select small geographic areas denoted as 14-digit USGS hydrologic units (HUCs). Households were enumerated within selected HUCs. Community health workers collected in-person interviews. The proximity of nearby active and inactive coal mining operations, density of oil and gas operations, and density of roadways were characterized for all HUCs. Poisson regression analyses were used to estimate adjusted prevalence ratios. Results: From 1,459 eligible households contacted, 1,190 individuals were recruited, and 972 persons completed the interviews. The prevalence of lifetime asthma was 22.8%; current asthma was 16.3%. Adjusting for covariates, roadway density was positively associated with current asthma in the second (aPR = 1.61; 95% CI 1.04–2.48) and third tertiles (aPR = 2.00; 95% CI 1.32–3.03). Increased risk of current asthma was associated with residence in public, multi-unit housing (aPR = 2.01; 95% CI 1.27–3.18) compared to a residence in a single-family home. There were no notable associations between proximity to coal mining and oil and gas operations and asthma prevalence. Conclusions: This study suggests that residents in rural areas with higher roadway density and those residing in public housing units may be at increased risk for current asthma after accounting for other known risk factors. Confirming the role of traffic-related particulates in producing high asthma risk among adults in this study contributes to the understanding of the multiple environmental exposures that influence respiratory health in the Appalachia region. © 2023, The Author(s).","Adult; Appalachia; Asthma; Epidemiology; Mining","Adult; Appalachian Region; Asthma; Cross-Sectional Studies; Environmental Exposure; Humans; Public Housing; Appalachians; Kentucky; United States; adult; asthma; coal mining; epidemiology; pollution exposure; risk factor; road traffic; rural area; adult; Article; asthma; coal mining; cohort analysis; controlled study; cross-sectional study; environmental exposure; female; geographic information system; highway; home; household; housing; human; Kentucky; male; oil industry; Poisson regression; prevalence; rural area; adverse event; asthma; housing; United States","English","Article","Scopus"
"Nigussie T.; Mamo Y.; Qanche Q.; Yosef T.; Wondimu W.; Asefa A.","Nigussie, Tadesse (57204054835); Mamo, Yitagesu (57210583923); Qanche, Qaro (57219666713); Yosef, Tewodros (56786574500); Wondimu, Wondimagegn (57216545649); Asefa, Adane (57212527419)","57204054835; 57210583923; 57219666713; 56786574500; 57216545649; 57212527419","HIV Preventive Behaviors and Associated Factors among Gold Mining Workers in Dima District, Southwest Ethiopia, 2019: Community-Based Cross-Sectional Study","2021","9","10.1155/2021/4797590","https://www.scopus.com/pages/publications/85118646216?origin=resultslist","Background. HIV/AIDS is becoming more prevalent over time, resulting in a considerable number of deaths. In 2017, 36.9 million (35.1 million adults) people worldwide were living with HIV, 1.8 million people were newly infected with HIV, and 940 000 people died from AIDS-related illnesses. Mining workers are at a high risk of contracting HIV and infecting others, and effective prevention is a critical. Objective. To assess HIV preventive behaviors and associated factors among gold mining workers in Dima district, southwest Ethiopia, 2019. Methods and Materials. A community-based cross-sectional study was conducted from November 1st to 30th, 2019. A convenience sampling technique was used to get mining workers for the interview.The data were collected through face-to-face interviews. The collected data were coded and entered into EpiData version 4.2.0.101, cleaned, and analyzed using SPSS version 21 statistical software. A binary logistic regression was conducted to determine the association using odds ratios at 95% confidence intervals. A P value of less than 0.05 considered the level of significance for HIV preventive behaviors. Results. From a total of 455 mining worker, 279 (61.3%) of them have good practices of HIV prevention. Factors associated with good preventive practice were not alcohol drinkers (AOR=2.86, 95% CI: 1.30-6.29), not chew khat (AOR=2.09, 95% CI: 1.09-4.02), having good knowledge about HIV (AOR=1.81, CI: 1.16-2.83), favorable attitude towards HIV prevention (AOR=4.76, 95% CI: 3.02-7.49), and high perceived susceptibility to HIV (AOR=2.63, 95% CI: 1.63-4.24). Conclusion. Only about 61% of the mining workers in the study area were practiced HIV preventive behaviors. Not alcohol drinkers, having good knowledge about HIV, having a favorable attitude toward HIV prevention, and having high perceived susceptibility to HIV were factors associated with the practice of HIV preventive behaviors. Efforts have to be made by local governments and other concerned bodies to increase preventive behavior. © 2021 Tadesse Nigussie et al.","","Adult; Cross-Sectional Studies; Ethiopia; Health Knowledge, Attitudes, Practice; HIV Infections; HIV-1; Humans; Logistic Models; Male; Miners; Odds Ratio; Risk Factors; Risk Reduction Behavior; Surveys and Questionnaires; Young Adult; adult; article; controlled study; convenience sample; cross-sectional study; data analysis software; Ethiopia; female; gold mining; government; human; Human immunodeficiency virus 1; Human immunodeficiency virus infected patient; interview; major clinical study; male; nonhuman; people by drinking status; worker; attitude to health; cross-sectional study; epidemiology; Ethiopia; Human immunodeficiency virus 1; Human immunodeficiency virus infection; miner; odds ratio; pathogenicity; psychology; questionnaire; risk factor; risk reduction; statistical model; young adult","English","Article","Scopus"
"Monokrousou K.; Makropoulos C.; Katsouras G.; Tsalas N.; Samios S.; Lytras E.; Tsimnadis K.","Monokrousou, K. (57203838570); Makropoulos, C. (55953606300); Katsouras, G. (35290529300); Tsalas, N. (57296921000); Samios, S. (57296169300); Lytras, E. (16744326900); Tsimnadis, K. (58073555900)","57203838570; 55953606300; 35290529300; 57296921000; 57296169300; 16744326900; 58073555900","Advancing Athens’ circular economy: sewer mining for urban water reclamation","2025","1","10.1080/1573062X.2024.2446520","https://www.scopus.com/pages/publications/85213202854?origin=resultslist","Water scarcity is recognised as a crucial issue worldwide, particularly prevalent in semi-arid regions of Southern Europe. The escalating human demand for irrigation, drinking, recreation, and other essential social needs, increasingly outstrips the available supply. The impact of climate change on hydrological cycles exacerbates this issue as well. In this context, innovative water reuse technologies that turn waste into a valuable resource have garnered increasing attention in recent years. These technologies not only enhance the circularity of urban environments but also booster community resilience and facilitate a sustainable transition to adapt to projected climate change. Sewer mining, a pioneering wastewater recycling technology, is gradually increasing in popularity thanks to its efficiency in treatment and minimal space requirements for installation. This innovative technology produces treated water from sewerage extracted from the local sewers and reuses it at the point of demand. The current research has investigated the implementation of this technology in a real world environment, at the City of Athens, Greece, over the past three years and has optimised its operational procedures and efficiency. This study conclusively demonstrates that sewer mining indeed stands as a viable solution for water reuse, particularly in densely urbanized areas with limited space and susceptibility to drought. By integrating sewer mining alongside freshwater conservation efforts, cities can effectively increase their urban green spaces, mitigating the adverse effects of urban heat islands and heatwaves. Additionally, such solutions alleviate pressures on existing sewage treatment facilities. Therefore, leveraging the latent potential of sewage as a valuable resource hidden beneath city streets emerges as a recommended strategy for enhancing urban resilience against climate change. © 2024 Informa UK Limited, trading as Taylor & Francis Group.","","Athens [Attica]; Attica; Greece; circular economy; mining; sewer network; urban area; waste management; water management; water supply","English","Article","Scopus"
"Won N.-I.; Kim K.-H.; Kang J.H.; Park S.R.; Lee H.J.","Won, Nam-Il (22636254100); Kim, Ki-Hwan (59082872400); Kang, Ji Hyoun (57203637823); Park, Sang Rul (55450526300); Lee, Hyuk Je (17342554600)","22636254100; 59082872400; 57203637823; 55450526300; 17342554600","Exploring the impacts of anthropogenic disturbance on seawater and sediment microbial communities in Korean coastal waters using metagenomics analysis","2017","48","10.3390/ijerph14020130","https://www.scopus.com/pages/publications/85011035358?origin=resultslist","The coastal ecosystems are considered as one of the most dynamic and vulnerable environments under various anthropogenic developments and the effects of climate change. Variations in the composition and diversity of microbial communities may be a good indicator for determining whether the marine ecosystems are affected by complex forcing stressors. DNA sequence-based metagenomics has recently emerged as a promising tool for analyzing the structure and diversity of microbial communities based on environmental DNA (eDNA). However, few studies have so far been performed using this approach to assess the impacts of human activities on the microbial communities in marine systems. In this study, using metagenomic DNA sequencing (16S ribosomal RNA gene), we analyzed and compared seawater and sediment communities between sand mining and control (natural) sites in southern coastal waters of Korea to assess whether anthropogenic activities have significantly affected the microbial communities. The sand mining sites harbored considerably lower levels of microbial diversities in the surface seawater community during spring compared with control sites. Moreover, the sand mining areas had distinct microbial taxonomic group compositions, particularly during spring season. The microbial groups detected solely in the sediment load/dredging areas (e.g., Marinobacter, Alcanivorax, Novosphingobium) are known to be involved in degradation of toxic chemicals such as hydrocarbon, oil, and aromatic compounds, and they also contain potential pathogens. This study highlights the versatility of metagenomics in monitoring and diagnosing the impacts of human disturbance on the environmental health of marine ecosystems from eDNA. © 2017 by the authors.","Coastal ecosystem; Environmental DNA; Metagenomics; Microbial community; Operational taxonomic unit (OTU); Sand mining","Bacteria; Climate Change; Ecosystem; Environmental Monitoring; Geologic Sediments; Human Activities; Humans; Metagenomics; Republic of Korea; RNA, Ribosomal, 16S; Seawater; Sequence Analysis, DNA; Korea; Alcanivorax; Marinobacter; Novosphingobium; aromatic compound; hydrocarbon; oil; RNA 16S; sea water; toxic substance; sea water; anthropogenic effect; coastal zone; disturbance; genomics; meta-analysis; microbial activity; microbial community; mining; Alcanivorax; Alphaproteobacteria; Article; autumn; coastal waters; community structure; comparative study; controlled study; DNA sequence; environmental exploitation; environmental health; human impact (environment); Korea; Marinobacter; metagenomics; microbial community; microbial degradation; microbial diversity; next generation sequencing; nonhuman; Novosphingobium; sand mining; sea surface waters; seasonal variation; sediment; species composition; spring; taxonomy; water sampling; bacterium; climate change; ecosystem; environmental monitoring; genetics; human; human activities; metagenomics; microbiology; sediment; South Korea","English","Article","Scopus"
"Krisanti M.W.W.; Paripurno E.T.; Nugroho A.R.B.; Maharani Y.N.; Prasetya J.D.","Krisanti, M.W.W. (55974803700); Paripurno, E.T. (57192301593); Nugroho, A.R.B. (57204828213); Maharani, Y.N. (55272483500); Prasetya, J.D. (57194073526)","55974803700; 57192301593; 57204828213; 55272483500; 57194073526","Community-Based land use models for sustainable livelihoods in Merapi Volcano disaster prone areas III in Sleman Regency","2024","3","10.1088/1755-1315/1314/1/012048","https://www.scopus.com/pages/publications/85189330444?origin=resultslist","Merapi Volcano is one of the active volcanoes in Indonesia. The disaster-prone areas of Merapi Volcano are divided into three levels, namely disaster-prone areas I, II, and III. Level III area being the highest risk area. Disaster-prone area III of Merapi Volcano is a place for people's daily activities to manage their livelihood assets such as farming and gardening, livestock, sand mining, and tourism. This study aims to analyze land use in disaster-prone areas III of Merapi Volcano, find the relationship between land use and community preparedness, and find a model of sustainable land use in disaster-prone areas based on the community. The research method uses qualitative methods with participatory rural appraisal techniques. The research was conducted in villages located in disaster-prone areas III of Merapi Volcano which are included in the Sleman Regency area. The results of the research are finding the land use models based on spatial and temporal considerations and a community-based land use model at the micro to macro level in disaster-prone areas III. This research can be input for policy makers, institutions working in the field of disaster, further research, and for the wider community in carrying out land use in disaster-prone areas. © 2024 Institute of Physics Publishing. All rights reserved.","","","English","Conference paper","Scopus"
"Poitrimol C.; Thiébaut É.; Boulart C.; Cathalot C.; Rouxel O.; Jollivet D.; Hourdez S.; Matabos M.","Poitrimol, Camille (57194184376); Thiébaut, Éric (7004262687); Boulart, Cédric (24721447100); Cathalot, Cécile (35190134000); Rouxel, Olivier (6507604429); Jollivet, Didier (6603754409); Hourdez, Stéphane (6701635808); Matabos, Marjolaine (24481679700)","57194184376; 7004262687; 24721447100; 35190134000; 6507604429; 6603754409; 6701635808; 24481679700","Alpha and beta diversities of hydrothermal vent macrofaunal communities along the southwestern Pacific back-arc basins","2025","1","10.1016/j.scitotenv.2025.178694","https://www.scopus.com/pages/publications/85217421744?origin=resultslist","Ecosystems face various pressures, often leading to loss of biodiversity. Understanding how biodiversity is spatially structured, what are the driving factors, and the ecological and evolutionary processes involved is essential to assess communities' resilience to disturbances and guide efficient conservation measures. Hydrothermal vents from national waters of the West Pacific are targeted by mining industries for their mineral resources that include metals used in high-tech equipment. Although exploitation has not yet started, such activity could significantly affect ecosystem biodiversity and functioning. Here, we describe the distribution of hydrothermal biodiversity in the Southwest Pacific back-arc basins and the Futuna Volcanic Arc at different spatial scales in relation to environmental conditions and geography. We focused on three assemblages dominated by symbiotic megafauna: snails (Alviniconcha spp. and Ifremeria nautilei) and mussels (Bathymodiolus spp.). Faunal assemblages exhibit strong spatial structuring: between habitats along the dilution gradient of the hydrothermal fluid, and between geographic basins, with a faunal split between the Western and the Eastern basins of this region, and to a lesser extent, between fields in a basin. Species replacement along the chemical gradient drives faunal changes between Ifremeria and Bathymodiolus assemblages, while a drop in the number of species is noted when making this comparison with the Alviniconcha assemblage. While these local changes may result from environmental filtering along the diffuse flow gradient, geological settings and current geographic barriers, which drive colonization and speciation at larger scales, are likely shaping the vent community changes between the Eastern and Western basins. This result has significant implications for biodiversity conservation, especially in this mineral-rich setting. The Manus Basin is isolated and displays the highest proportion of endemism while the Woodlark Basin represents an important stepping-stone between the Eastern basins and Manus Basin, making them potentially highly vulnerable to mining with a risk of biodiversity loss. © 2025 The Authors","Alviniconcha; Bathymodiolus; Biodiversity partitioning; Biogeography; Community composition; Ifremeria; Vent chemistry","Animals; Biodiversity; Ecosystem; Environmental Monitoring; Hydrothermal Vents; Mytilidae; Pacific Ocean; Snails; Bismarck Sea; Coral Sea; Manus Basin; Pacific Ocean; Solomon Sea; Woodlark Basin; Biogeochemistry; Invertebrates; Mining equipment; iron; manganese; methane; sulfate; Alviniconcha; Back-arc basin; Bathymodiolus; Biodiversity partitioning; Biogeography; Community composition; Eastern basins; Hydrothermal vent; Ifremerium; Vent chemistry; backarc basin; biodiversity; colonization; community composition; endemism; habitat structure; hydrothermal fluid; hydrothermal vent; mollusc; snail; speciation (biology); volcanic arc; Article; Bathymodiolus; biodiversity; biogeographic region; hydrothermal vent; hydrothermal vent species; Ifremeria; inductively coupled plasma mass spectrometry; macrofauna; nonhuman; pH; physical chemistry; redundancy analysis; Shannon index; species richness; temperature; time series analysis; water sampling; animal; ecosystem; environmental monitoring; Mytilidae; Pacific Ocean; snail; Molluscs","English","Article","Scopus"
"","","","ICST UGM 2023 - 4th Geoscience and Environmental Management Symposium","2023","0","","https://www.scopus.com/pages/publications/85182760937?origin=resultslist","The proceedings contain 76 papers. The topics discussed include: urban mining from a circularity perspective; earthquake statistical performance due to increasing of the seismic network around Opak Fault, Yogyakarta; effect of breakwater layout on waves at Puger beach Jember with Delft3D modeling; evaluation of inclined piles due to driving in soft soil; integrating gender mainstreaming in disaster risk reduction through providing geospatial information to create community resilience in Muntuk Village, Bantul Regency; site analysis using microtremor array for disaster mitigation of landslide in the Cianjur Aquatic Resort; VEVCC program for concatenation of volcanic events based on cross-correlation analysis; designing excavation method and support system of Bintang Bano irrigation tunnel, Sumbawa Barat, Nusa Tenggara Barat based on rock mass rating (RMR); and empirical analyses of the excavating method and support system based on engineering geology of the Rukoh Dam Suppletion Tunnel, Pidie Regency, Aceh Province, Indonesia.","","","English","Conference review","Scopus"
"Robles-Morua A.; Avila-Chauvet L.; Díaz-Caravantes R.E.; Vizuete-Jaramillo E.; Lutz-Ley A.; Duarte-Tagles H.; Franco-Garza L.; Velarde P.","Robles-Morua, Agustin (25932356800); Avila-Chauvet, Laurent (57204050752); Díaz-Caravantes, Rolando E. (35112885100); Vizuete-Jaramillo, Efraín (57220110879); Lutz-Ley, America (57190776571); Duarte-Tagles, Hector (26029082200); Franco-Garza, Luis (60059623300); Velarde, Patricia (60059854500)","25932356800; 57204050752; 35112885100; 57220110879; 57190776571; 26029082200; 60059623300; 60059854500","The socio-environmental observatory: an information platform for transparency, participatory governance, and environmental justice in the Sonora River Basin, Mexico","2025","1","10.1007/s42532-025-00226-z","https://www.scopus.com/pages/publications/105013965115?origin=resultslist","As the transparency of information decreases, issues associated with governance become more pronounced, including obstacles to achieving environmental justice, reductions in social welfare, and increasing misinformation that affects decision-making processes. This is particularly critical in regions such as Mexico, where weak information systems and the progressive dismantling of autonomous institutions have undermined mechanisms for access to information and accountability. This article aims to describe the socio-environmental observatory information platform, developed in 2022, as an alternative approach for promoting transparency and access to information, thereby strengthening institutional governance as a pathway toward environmental justice. The framework was initially developed collaboratively by researchers and civil society organizations in response to the 2014 mining spill at the Sonora River Basin by the Buenavista del Cobre mine, one of the most severe environmental disasters in Mexico’s recent history. The article aims to: (a) describe the strategies used for the creation of the observatory and the co-production of knowledge; (b) examine how this framework could address common challenges faced by citizen and environmental observatories; (c) detail the technical and digital tools developed, such as open-source software, digital repositories, and interactive data representations; and (d) analyze how information has been disseminated to affected communities through festivals, public meetings, educational workshops, among others, emphasizing how local actors have adopted and integrated these resources into their environmental justice efforts. This information platform illustrates the potential of such initiatives to drive systemic change in regions affected by governance and environmental challenges, ultimately contributing to sustainable development by promoting more inclusive and participatory decision-making processes. © The Author(s), under exclusive licence to Springer Nature Singapore Pte Ltd. 2025.","Citizen science; Environmental observatories; Governance; Interactive education tools; Transparency","Mexico [North America]; Sonora; Sonora Basin; decision making; educational development; environmental justice; governance approach; participatory approach","English","Article","Scopus"
"Macey G.P.; Breech R.; Chernaik M.; Cox C.; Larson D.; Thomas D.; Carpenter D.O.","Macey, Gregg P. (6603601033); Breech, Ruth (56479321200); Chernaik, Mark (56561806900); Cox, Caroline (15126814700); Larson, Denny (56478102000); Thomas, Deb (57213562932); Carpenter, David O. (7201795413)","6603601033; 56479321200; 56561806900; 15126814700; 56478102000; 57213562932; 7201795413","Air concentrations of volatile compounds near oil and gas production: A community-based exploratory study","2014","161","10.1186/1476-069X-13-82","https://www.scopus.com/pages/publications/84915802645?origin=resultslist","Background: Horizontal drilling, hydraulic fracturing, and other drilling and well stimulation technologies are now used widely in the United States and increasingly in other countries. They enable increases in oil and gas production, but there has been inadequate attention to human health impacts. Air quality near oil and gas operations is an underexplored human health concern for five reasons: (1) prior focus on threats to water quality; (2) an evolving understanding of contributions of certain oil and gas production processes to air quality; (3) limited state air quality monitoring networks; (4) significant variability in air emissions and concentrations; and (5) air quality research that misses impacts important to residents. Preliminary research suggests that volatile compounds, including hazardous air pollutants, are of potential concern. This study differs from prior research in its use of a community-based process to identify sampling locations. Through this approach, we determine concentrations of volatile compounds in air near operations that reflect community concerns and point to the need for more fine-grained and frequent monitoring at points along the production life cycle. Methods: Grab and passive air samples were collected by trained volunteers at locations identified through systematic observation of industrial operations and air impacts over the course of resident daily routines. A total of 75 volatile organics were measured using EPA Method TO-15 or TO-3 by gas chromatography/mass spectrometry. Formaldehyde levels were determined using UMEx 100 Passive Samplers. Results: Levels of eight volatile chemicals exceeded federal guidelines under several operational circumstances. Benzene, formaldehyde, and hydrogen sulfide were the most common compounds to exceed acute and other health-based risk levels. Conclusions: Air concentrations of potentially dangerous compounds and chemical mixtures are frequently present near oil and gas production sites. Community-based research can provide an important supplement to state air quality monitoring programs. © 2014 Macey et al.","Benzene; Community monitoring; Formaldehyde; Grab and passive samples; Hydraulic fracturing; Hydrogen sulfide; Oil and gas","Air Pollutants; Community-Based Participatory Research; Environmental Monitoring; Extraction and Processing Industry; Gas Chromatography-Mass Spectrometry; Oil and Gas Fields; United States; Volatile Organic Compounds; United States; benzene; hydrogen sulfide; natural gas; oil; volatile agent; air pollutant; volatile organic compound; air quality; air sampling; atmospheric pollution; benzene; concentration (composition); environmental monitoring; formaldehyde; gas production; health impact; health risk; hydraulic fracturing; hydrogen sulfide; oil production; public health; volatile organic compound; water quality; air monitoring; air pollutant; air quality; air sampling; Article; community; concentration (parameters); equipment design; exploratory research; mass fragmentography; priority journal; United States; air pollutant; analysis; environmental monitoring; mining; oil and gas field; participatory research","English","Article","Scopus"
"Quispe-Jofré A.; Philimon P.P.; Alfaro-Lira S.","Quispe-Jofré, Alan (57202093937); Philimon, Paulina Ponce (57226318649); Alfaro-Lira, Susana (55229385800)","57202093937; 57226318649; 55229385800","Socio-environmental conflict over abandoned mining waste in Copaquilla, Chile","2021","5","10.1007/s11356-021-15385-1","https://www.scopus.com/pages/publications/85111087932?origin=resultslist","The material discarded by past mining extractive activities is exposed to the action of different environmental agents and constitutes the beginning of a problem that, inevitably, involves the population and the conditions of the environment where it is deposited. Bearing this in mind, a study of the Copaquilla-Chile valley was carried out with a focus on the socio-environmental conflict produced by the accumulation of abandoned mining waste in its vicinity. The objectives were to identify the role of the different actors and the main causes that originated the conflict and to characterize the physical-natural factors that conditioned the susceptibility and physical vulnerability of the studied environment. The methodological approach combined a set of qualitative and quantitative techniques, using participatory action research techniques (PAR) and multi-criteria evaluation models (MCE) through a geographic information system (GIS). The evaluation of the study area revealed quite severe levels in terms of the indices of susceptibility to processes of mass removal and vulnerability of the aquifer, which led us to infer that the morpho-climatic and hydrogeological characteristics of the sector generated the appropriate conditions to produce large damage to the complex socio-ecological system of the Copaquilla territory. This study generated participatory material, a chronology of the conflict, a database of the physical environment of the Copaquilla valley interpreted in thematic cartographies, and physicochemical soil and water samples to monitor contamination levels. © 2021, The Author(s), under exclusive licence to Springer-Verlag GmbH Germany, part of Springer Nature.","Contamination; Environment; Mining conflict; Mining in Chile; Mining waste; Socio-environmental conflict","Chile; Environmental Monitoring; Mining; Soil; Soil Pollutants; Chile; abandoned mine; action research; chronology; hydrogeology; multicriteria analysis; participatory approach; socioeconomic conditions; vulnerability; Chile; environmental monitoring; mining; soil; soil pollutant","English","Article","Scopus"
"Siddique A.; Tan Z.; Rashid W.; Ahmad H.","Siddique, Aboubakar (57221977190); Tan, Zhuoying (8645561200); Rashid, Wajid (57197811460); Ahmad, Hilal (58283053800)","57221977190; 8645561200; 57197811460; 58283053800","Sustainable Water-Related Hazards Assessment in Open Pit-to-Underground Mining Transitions: An IDRR and MCDM Approach at Sijiaying Iron Mine, China","2025","6","10.3390/w17091354","https://www.scopus.com/pages/publications/105004796889?origin=resultslist","The transition from open pit to underground mining intensifies water-related hazards such as Acid Mine Drainage (AMD), groundwater contamination, and aquifer depletion, threatening ecological and socio-economic sustainability. This study develops an Inclusive Disaster Risk Reduction (IDRR) framework using a Multi-Dimensional Risk (MDR) approach to holistically assess water hazards in China’s mining regions, integrating environmental, social, governance, economic, technical, community-based, and technological dimensions. A Multi-Criteria Decision-Making (MCDM) model combining the Fuzzy Analytic Hierarchy Process (AHP) and Technique for Order Preference by Similarity to Ideal Solution (TOPSIS) evaluates risks, enhanced by a Z-number Fuzzy Delphi AHP (ZFDAHP) spatiotemporal model to dynamically weight hazards across temporal (short-, medium-, long-term) and spatial (local to global) scales. Applied to the Sijiaying Iron Mine, AMD (78% severity) and groundwater depletion (72% severity) emerge as dominant hazards exacerbated by climate change impacts (36.3% dynamic weight). Real-time IoT monitoring systems and AI-driven predictive models demonstrate efficacy in mitigating contamination, while gender-inclusive governance and community-led aquifer protection address socio-environmental gaps. The study underscores the misalignment between static regulations and dynamic spatiotemporal risks, advocating for Lifecycle Assessments (LCAs) and transboundary water agreements. Policy recommendations prioritize IoT adoption, carbon–water nexus incentives, and Indigenous knowledge integration to align mining transitions with Sustainable Development Goals (SDGs) 6 (Clean Water), 13 (Climate Action), and 14 (Life Below Water). This research advances a holistic strategy to harmonize mineral extraction with water security, offering scalable solutions for global mining regions facing similar ecological and governance challenges. © 2025 by the authors.","environmental impact assessment; IDRR; MCDM; open pit-to-underground transition; SDG alignment; spatiotemporal modeling; sustainable mining; water-related hazards","China; Energy policy; Environmental impact assessments; Environmental management systems; Environmental regulations; Global warming; Iron mines; Life cycle assessment; Open pit mining; Solution mining; Water pollution control; Disaster risk reductions; Goal alignments; Impact assessments; Inclusive disaster risk reduction; Multi criteria decision-making; Multicriteria decision-making; Multicriterion decision makings; Open pit; Open pit-to-underground transition; Spatio-temporal models; Sustainable development goal alignment; Sustainable mining; Water-related hazard; aquifer; climate change; environmental impact assessment; open pit mine; spatiotemporal analysis; sustainability; Sustainable Development Goal; Groundwater pollution","English","Article","Scopus"
"Irshad S.M.","Irshad, S. Mohammed (56004487200)","56004487200","Governing disaster risk and 'survivability': The case of two villages in Kerala, India","2014","2","10.1504/IJEM.2014.066486","https://www.scopus.com/pages/publications/84920378366?origin=resultslist","Governing disaster risk reduction (DRR) seldom considers the communities' political and social rights. The access to resources as DRR strategy is not yet integrated into the current debate and practices of disaster risk reduction. This study takes two tsunami-affected villages in Kerala, India, to critically analyse the question of rights over natural resources as disaster risk reduction. The study villages are also in the mining zone of the state. Rehabilitation of tsunami victims has strengthened the mining industries in the area and it led to the exclusion of survivors from coastal common pool resources. Government is not having any legal barriers to handing over the coastal land for mining. This paper seeks to discuss the alienation of the community from common pool resources after rehabilitation and its impact on new ownership patterns. The study found that vulnerability increases after rehabilitation and lack of access to common property rights is posing threat to general perception of disaster rehabilitation. Copyright © 2014 Inderscience Enterprises Ltd.","Coastal regulation zone; Exclusion; Governing disaster; Mining; Tsunami","Laws and legislation; Mining; Natural resources; Rural areas; Tsunamis; Access to resources; Coastal lands; Common pool resources; Common property; Disaster risk reductions; Exclusion; Government IS; Kerala , India; alienation; Article; community based rehabilitation; disaster planning; disaster rehabilitation; disaster risk reduction; disaster victim; government; human; human rights abuse; India; mining; risk reduction; survival; tsunami; Disasters","English","Article","Scopus"
"McOliver C.A.; Camper A.K.; Doyle J.T.; Eggers M.J.; Ford T.E.; Lila M.A.; Berner J.; Campbell L.; Donatuto J.","McOliver, Cynthia Agumanu (57224263084); Camper, Anne K. (7004140387); Doyle, John T. (56187520700); Eggers, Margaret J. (36145034900); Ford, Tim E. (57204255171); Lila, Mary Ann (6603252874); Berner, James (7004494479); Campbell, Larry (56239562500); Donatuto, Jamie (36695853300)","57224263084; 7004140387; 56187520700; 36145034900; 57204255171; 6603252874; 7004494479; 56239562500; 36695853300","Community-based research as a mechanism to reduce environmental health disparities in American Indian and Alaska Native communities","2015","50","10.3390/ijerph120404076","https://www.scopus.com/pages/publications/84927556014?origin=resultslist","Racial and ethnic minority communities, including American Indian and Alaska Natives, have been disproportionately impacted by environmental pollution and contamination. This includes siting and location of point sources of pollution, legacies of contamination of drinking and recreational water, and mining, military and agricultural impacts. As a result, both quantity and quality of culturally important subsistence resources are diminished, contributing to poor nutrition and obesity, and overall reductions in quality of life and life expectancy. Climate change is adding to these impacts on Native American communities, variably causing drought, increased flooding and forced relocation affecting tribal water resources, traditional foods, forests and forest resources, and tribal health. This article will highlight several extramural research projects supported by the United States Environmental Protection Agency (USEPA) Science to Achieve Results (STAR) tribal environmental research grants as a mechanism to address the environmental health inequities and disparities faced by tribal communities. The tribal research portfolio has focused on addressing tribal environmental health risks through community based participatory research. Specifically, the STAR research program was developed under the premise that tribal populations may be at an increased risk for environmentally-induced diseases as a result of unique subsistence and traditional practices of the tribes and Alaska Native villages, community activities, occupations and customs, and/or environmental releases that significantly and disproportionately impact tribal lands. Through a series of case studies, this article will demonstrate how grantees—tribal community leaders and members and academic collaborators—have been addressing these complex environmental concerns by developing capacity, expertise and tools through community-engaged research. © 2015 by the authors; licensee MDPI, Basel, Switzerland.","American Indian and Alaska Native (AIAN); Community-Based Participatory Research (CBPR); Tribal communities","Alaska; Climate Change; Community-Based Participatory Research; Environmental Health; Female; Health Status Disparities; Humans; Indians, North American; Male; Minority Groups; Quality of Life; United States; United States Environmental Protection Agency; United States; drinking water; environmental planning; environmental protection; ethnic minority; health risk; local participation; public health; racial identity; resource management; Alaska Native; American Indian; Article; berry; biological monitoring; chemical composition; climate change; drought; environmental health; environmental impact assessment; environmental monitoring; environmental protection; flooding; food safety; health disparity; health hazard; phytochemistry; quality of life; water pollution; water supply; Alaska; American Indian; female; government; human; male; minority group; participatory research; United States","English","Article","Scopus"
"Valinejad J.; Guo Z.; Cho J.-H.; Chen I.-R.","Valinejad, Jaber (56531955700); Guo, Zhen (57205353362); Cho, Jin-Hee (55474140000); Chen, Ing-Ray (7402043269)","56531955700; 57205353362; 55474140000; 7402043269","Social media-based social–psychological community resilience analysis of five countries on COVID-19","2023","4","10.1007/s42001-023-00220-z","https://www.scopus.com/pages/publications/85168377398?origin=resultslist","Community resilience (CR) has been studied as an indicator to measure how well a given community copes with and recovers from a given disaster. Social–psychological community resilience (SPCR) has been used as a basis to determine public policy directions based on priority. Although the impact of the COVID-19 has been serious all over the world and interferes every aspect of our daily life, some countries have handled this disaster better than others due to their different disaster management policies and perceptions about the disaster. In this work, we are interested in measuring and analyzing SPCR through social media information in five different countries which can reflect different disaster management policies and perceptions toward the COVID-19. In the literature, measuring SPCR has been discussed, but the key attributes have not been agreed upon. We propose to use two attributes for measuring SPCR, i.e., community wellbeing (CW) and community capital (CC), because social and psychological resilience can be the firm basis for a community to be restored and reinvented into the so-called transformative community to ensure sustainability in the future generation. We use Tweeter data and investigate how each country shows different trends of SPCR in response to real and fake tweets generated during a COVID-19 period using machine learning and text-mining tools. We employ tweets generated in Australia (AUS), Singapore (SG), Republic of Korea (ROK), the United Kingdom (UK), and the United States (US), during March–November 2020 and measure the SPCR of each country and its associated attributes for analyzing the overall trends. Our results show that ROK among the five countries in our study has the highest level in CW, CC, and the resulting SPCR on real tweets reflecting reality, a result that matches well with the fact that ROK is resilient to COVID-19 during March–November 2020. Further, our results indicate that SPCR on real tweets is up to 80% higher than SPCR on fake tweets, suggesting that a much stronger community resilience may be achieved on real tweets. Finally, our results show that there is a negative correlation between SPCR values on fake and real tweets overall when considering all the tweets of the five countries to derive the overall trends. However, for each country, we observe a different correlation, either positive or negative, depending on each country. This implies that there should be further investigation of analyzing SPCR by considering unique cultural and national characteristics of each country. © 2023, The Author(s), under exclusive licence to Springer Nature Singapore Pte Ltd.","Applied computing; Computing methodologies; COVID-19; Data science; Fake news; Model verificationand validation; NLP (Natural language programming); Psychology; Real news; Social media; Social–psychological community resilience; Text mining","","English","Article","Scopus"
"","","","3rd International Conference on Flood Recovery, Innovation and Response, FRIAR 2012","2012","0","","https://www.scopus.com/pages/publications/84996463953?origin=resultslist","The proceedings contain 21 papers. The special focus in this conference is on improving, interchanging knowledge, expertise in a wide range of technical, social, economic issues related to the broad themes of flood recovery, innovation and response. The topics include: ontology for flood management; cooperation between non-governmental organizations and the state in the matter of flood risk management in the Czech Republic; the utilization of an abandoned mining pond as a retention pond in dealing with storm water runoff; flood risk assessment of the dense downtown in Fukuoka city, Japan; damage and loss prediction model considering inundation level, flow velocity and vulnerability of building types; floods emergency management; flood disaster risk in Jakarta, Indonesia; a multivariate model for flood forecasting of lake levels; comparison of a data-driven model and a physical model for flood forecasting; inflow forecasting for lakes using artificial neural networks; impacts and preventative measures against flooding and coastal erosion in Thailand; ice dams and backwaters as hydrological risk phenomena; analysis of runoff variation according to subbasin division; the role of solid waste management as a response to urban flood risk in developing countries; factors for the design of novel property level flood resilient products; towards the development of a comprehensive systematic quantification of the costs and benefits of property level flood risk adaptation and sustainable flood memories, informal knowledge and the development of community resilience to future flood risk.","","","English","Article","Scopus"
"Nguyen A.T.; Vu A.D.; Dang G.T.H.; Hoang A.H.; Hens L.","Nguyen, An Thinh (56656329800); Vu, Anh Dung (57221964265); Dang, Giang T. H. (57216822722); Hoang, Anh Huy (57192962133); Hens, Luc (55821761900)","56656329800; 57221964265; 57216822722; 57192962133; 55821761900","How do local communities adapt to climate changes along heavily damaged coasts? A Stakeholder Delphi study in Ky Anh (Central Vietnam)","2018","21","10.1007/s10668-017-9908-x","https://www.scopus.com/pages/publications/85009476496?origin=resultslist","The Central Vietnamese coast faces increasing impacts on the local livelihoods of coastal communities as a result of the increasing natural hazards which include tropical storms, heavy rains, and floods. A challenge for the local populations is improving their adaptation capacity to climate change hazards in a sustainable way. This study deals with the impacts of climate change-associated hazards and adaptation capacity in coastal communes of the Ky Anh district, Ha Tinh province along the coast in Central Vietnam. A combination of the Stakeholder Delphi technique and the DPSIR (drivers–pressures–states–impacts–responses) framework was used. Delphi questionnaires allowed assessing the consensus among the respondents of a stakeholder group. Twenty questions and 20 statements were listed reflecting the DPSIR components. Thirty-six panel members, which were randomly selected from four stakeholder groups which included local authorities, farmers, fishermen, and fish traders, were involved in a two-round Delphi process. The results show that, both agricultural and non-agricultural sectors are main drivers (D); migration, calamities, population growth, mineral mining, aquaculture processing, and agriculture are main pressures (P); changes in the frequency of extreme weather events, increasing intensity of storms, floods, and droughts indicate main states (S); changes in agricultural land use and productivity are main impacts (I); construction of and upgrading dykes and irrigation systems should be the principal responses (R) in the vision of the local stakeholders. The Kendall’s W value for the second round is 0.681, indicating a high degree of consensus among the panel members and confidence in the ranks. Overall, the study advocates developing sustainable ecosystems, an upgraded New Rural Planning, and renewable energy strategies as the main local adaptations to climate change hazards in this area. © 2017, Springer Science+Business Media Dordrecht.","Adaptation capacity; Central Coast Vietnam; Climate change hazards; DPSIR framework; Ky Anh coastal zone; Local communities; Stakeholder Delphi technique","Ha Tinh; Viet Nam; adaptive management; agricultural land; agricultural production; capacity building; climate change; coastal zone; conceptual framework; construction; Delphi analysis; land use; local participation; natural hazard; stakeholder","English","Article","Scopus"
"Gupta N.; Tiwari V.; Everard M.; Savage M.; Hussain S.A.; Chadwick M.A.; Johnson J.A.; Nawab A.; Belwal V.K.","Gupta, Nishikant (56305455300); Tiwari, Varun (57206387485); Everard, Mark (7005772992); Savage, Melissa (7202386745); Hussain, Syed Ainul (7403344734); Chadwick, Michael A. (57205603537); Johnson, Jeyaraj Antony (7406815294); Nawab, Asghar (55184820600); Belwal, Vinod K. (57211003913)","56305455300; 57206387485; 7005772992; 7202386745; 7403344734; 57205603537; 7406815294; 55184820600; 57211003913","Assessing the distribution pattern of otters in four rivers of the Indian Himalayan biodiversity hotspot","2020","14","10.1002/aqc.3284","https://www.scopus.com/pages/publications/85078726801?origin=resultslist","The Eurasian otter (Lutra lutra), smooth-coated otter (Lutrogale perspicillata), and Asian small-clawed otter (Aonyx cinereus) have all been reported previously from the Indian state of Uttarakhand. However, little information is available about their current distribution in a mountainous region that is subject to increasing human-induced stressors (such as hydropower plants, pollution, sand and boulder mining, destructive fishing techniques, poaching). Owing to important roles played by these otters in structuring riverine food webs (particularly taking account of their roles as top carnivores), it is critical that they receive suitable protection in the face of projected temperature rise, change in precipitation patterns, and associated river flows in this Himalayan biodiversity hotspot. This study assesses otter distribution in four rivers of Uttarakhand as a basis for informing future conservation actions. Field surveys were conducted (October 2018–January 2019) in reaches of the Kosi, Ramganga, Khoh, and Song rivers, supported by semi-structured interviews (N = 379) conducted with members of local communities to collect qualitative data on views and perceptions of otter species. In addition, community-based otter awareness camps were organized for local youths (N = 105), adults (N = 115), and schoolchildren (N = 256 covering 10 schools). Habitat suitability maps were created using remote-sensing data, survey findings, and a geographic information system to provide information about priority reaches of river to be targeted for future conservation efforts. This study provides critical interdisciplinary baseline information to guide decision-makers towards developing a targeted, otter-specific conservation programme for this important Himalayan biodiversity hotspot. The otter conservation education programmes conducted during this study resulted in a proposal to set up a community-based conservation initiative to monitor and report otter sightings from the area, potentially representing a way forward for achieving simultaneous otter conservation and associated ecosystem benefits for local communities. © 2020 John Wiley & Sons, Ltd.","climate change; freshwater; human-induced stressors; Lutrinae; Mustelidae; otters; Uttarakhand; wetlands","India; Kosi; Nepal; Uttarakhand; Amblonyx cinereus; Lutra lutra; Lutrinae; Lutrogale perspicillata; Mustelidae; assessment method; biodiversity; climate change; conservation planning; field survey; food web; freshwater environment; future prospect; human activity; mountain region; perception; population distribution; prioritization; qualitative analysis; questionnaire survey; wetland","English","Article","Scopus"
"Piyadasa R.U.K.","Piyadasa, Ranjana U.K. (55207045100)","55207045100","River sand mining and associated environmental problems in Sri Lanka","2011","13","","https://www.scopus.com/pages/publications/84860576233?origin=resultslist","The demand for sand for construction purposes has increased significantly in Sri Lanka in recent years, particularly due to the tsunami disaster that occurred in December 2004. This high demand led to a major increase in sand mining in many areas. Extraction of sand from river bed and river bank sand deposits has increased greatly. The current demand for sand for building construction within the country is approximately 7-7.5 million cubic metres per year. River sand mining activities have disrupted the natural equilibrium and have caused adverse affects on the environment. The Nilwala and Ginganga rivers are the main rivers in southern Sri Lanka that are suffering from both illegal and excessive sand mining. However, other rivers in the southern part of the island have also been affected by this problem at different scales. It is estimated that mining of sand from the Nilwala River has increased by three times compared to 1997. Excessive extraction of sand from river channels results in wide ranging impacts, including the intrusion of sea water into the river, collapse of river bank, and loss of riparian land. Recognising the need for scientific assessments of the extent of environmental degradation caused by indiscriminate sand mining, an attempt has been made to study the environmental impacts of such sand mining in the Nilwala River basin of southern Sri Lanka and to propose corrective measures. The objective of the study reported in this contribution focused on changes in groundwater quality resulting from sand mining in the Nilwala River basin area. River sand mining has reduced significantly in recent years due to people participation, integrating research findings, imposition of legal regulatory frameworks, and networking of community-based organizations. Copyright © 2011 IAHS Press.","Electrical conductivity; Groundwater; PH; Salinity; Sand mining; Seawater intrusion; Sri Lanka","Sri Lanka; Banks (bodies of water); Degradation; Electric conductivity; Groundwater; pH; Rivers; Salt water intrusion; Seawater; Sedimentology; Water quality; Watersheds; Building construction; Community-based organizations; Corrective measures; Different scale; Electrical conductivity; Environmental problems; Ground-water qualities; High demand; Integrating research; Natural equilibrium; Regulatory frameworks; Riparian lands; River bank; River basins; River bed; River channels; River sands; Salinity; Sand deposits; Sand mining; Sri Lanka; Tsunami disaster; anthropogenic effect; electrical conductivity; groundwater pollution; groundwater resource; mining; natural disaster; nature-society relations; pH; regulatory framework; river bank; river bed; river channel; river pollution; saline intrusion; salinity; sand; tsunami event; water quality; Sand","English","Conference paper","Scopus"
"Maldonado J.; Peterson K.; Turner R.E.; Dardar T.; Parfait-Dardar S.; Philippe R.; Dardar D.; Jerolleman A.; Torres J.; Lovingood R.; Olson M.","Maldonado, Julie (55259783300); Peterson, Kristina (56363549400); Turner, R. Eugene (55665707600); Dardar, Theresa (56114089200); Parfait-Dardar, Shirell (57205712943); Philippe, Rosina (57192975887); Dardar, Donald (57277157200); Jerolleman, Alessandra (56375849500); Torres, Julie (57433783300); Lovingood, Rebecca (6507956252); Olson, Mira (7402052996)","55259783300; 56363549400; 55665707600; 56114089200; 57205712943; 57192975887; 57277157200; 56375849500; 57433783300; 6507956252; 7402052996","CLIMATE ACTION WITH A LAGNIAPPE: Coastal Restoration, Flood Risk Reduction, Sacred Site Protection and Tribal Communities’ Resilience","2023","2","10.4324/9781003242499-13","https://www.scopus.com/pages/publications/85180837235?origin=resultslist","Coastal Louisiana’s intricate web of natural ecosystem diversity is unraveling. Hydrological, meteorological, and environmental disasters, extractive industries, river mismanagement, and climate change are drastically transforming the coastal landscape and waterscape. Ten thousand miles of canals were cut through Louisiana’s coastal wetlands to create passageways for pipelines and navigation. Local and Indigenous knowledge tells us that canals, primarily constructed for oil and gas extraction, in and around the tribal communities, particularly from the 1950s–1970s, is the dominant cause of current land loss (Bethel et al. 2011). These anthropogenic influences, and others, resulted in Louisiana having among the highest land loss rates in the world (Carter et al. 2018). Within this context and in response to the rapidly increasing climate crisis, three Tribes in coastal Louisiana – Grand Bayou, Grand Caillou/Dulac, and Pointe-au-Chien – initiated a project to restore marshland in their communities in order to preserve sacred places and reduce land loss. This will be done by filling in the canals dredged in Louisiana’s wetlands, whose dredged materials create continuous levees, or spoil banks, that are aligned perpendicular to the canal. Filling in canals with the spoil bank is called “backfilling” and is intended to restore marsh on the spoil bank and in the canal and prevent further marsh loss. Without this project, these vital sacred sites will disappear due to erosion from the surrounding canals and spoil banks, and with them their legacy and significance for the Tribes. This project provides a lagniappe – the extra value gained from simultaneously restoring marshes and protecting sacred sites. These actions enable a sustainable and justice-centered adaptation process and a regenerative future that is based on human and environmental rights with full participation in the well-being of community. The project melds human and physical dimensions into co-problem solving. Each phase will document, analyze, and assess relationships between cultural and Indigenous heritage, coastal restoration, and community resilience, and bridge gaps between the knowledge and experience held by citizen knowledge-holders, and other scientists, while enhancing community resilience across generations. The project team brings together local Indigenous leaders, knowledge-holders and scientists with western physical and social scientists, centering Indigenous knowledge and local knowledge, and modeling to co-produce a decision matrix to determine the optimal places for canal restoration, and then restore them. This project tests innovative and replicable strategies to increase cultural heritage and community resilience and develop a resilient cultural heritage safe-haven prototype. This environmental justice- and community-driven project fills a critical role in shaping cumulative best practices for integrating coastal resilience activities and cultural heritage in all at-risk regions of the United States. © 2023 Taylor and Francis.","","","English","Book chapter","Scopus"
"Burkom H.S.","Burkom, Howard S. (6602405992)","6602405992","Development, adaptation, and assessment of alerting algorithms for biosurveillance","2003","26","","https://www.scopus.com/pages/publications/4444220896?origin=resultslist","The goal of APL's biosurveillance effort is to assist the public health community in the early recognition of disease outbreaks. ESSENCE II, the Electronic Surveillance System . for the Early Notification of Community-based Epidemics, applies alerting algorithms to ""anonymized"" consumer data to give epidemiologists early cues to potential health threats in the National Capital Area. Raw data include traditional indicators such as hospital emergency room visits as well as nontraditional indicators such as physician office visits and less-specific, but potentially timelier, indicators such as sales of over-the-counter remedies. To improve the timeliness of alerting for disease outbreaks, we have adapted temporal and spatiotemporal algorithms from various disciplines, including signal processing, data mining, statistical process control, and epidemiology.","","Algorithms; Data mining; Disease control; Epidemiology; Health care; Statistical process control; Biosurveillance; Disease outbreaks; Pathogens; Disaster prevention","English","Article","Scopus"
"Egbelakin T.; Omotayo T.; Ogunmakinde O.E.; Ekundayo D.","Egbelakin, Temitope (25822233700); Omotayo, Temitope (57204843382); Ogunmakinde, Olabode Emmanuel (57211506310); Ekundayo, Damilola (55217593900)","25822233700; 57204843382; 57211506310; 55217593900","Eliciting social themes of flood mitigation and community engagement studies through text mining","2025","6","10.1108/IJBPA-02-2023-0022","https://www.scopus.com/pages/publications/85170832105?origin=resultslist","Purpose: Flood preparedness and response from the perspective of community engagement mechanisms have been studied in scholarly articles. However, the differences in flood mitigation may expose social and behavioural challenges to learn from. This study aimed to demonstrate how text mining can be applied in prioritising existing contexts in community-based and government flood mitigation and management strategies. Design/methodology/approach: This investigation mined the semantics researchers ascribed to flood disasters and community responses from 2001 to 2022 peer-reviewed publications. Text mining was used to derive frequently used terms from over 15 publications in the Scopus database and Google Scholar search engine after an initial output of 268 peer-reviewed publications. The text-mining process applied the topic modelling analyses on the 15 publications using the R studio application. Findings: Topic modelling applied through text mining clustered four (4) themes. The themes that emerged from the topic modelling process were building adaptation to flooding, climate change and resilient communities, urban infrastructure and community preparedness and research output for flood risk and community response. The themes were supported with geographical flood risk and community mitigation contexts from the USA, India and Nigeria to provide a broader perspective. Originality/value: This study exposed the deficiency of “communication, teamwork, responsibility and lessons” as focal themes of flood disaster management and response research. The divergence in flood mitigation in developing nations as compared with developed nations can be bridged through improved government policies, technologies and community engagement. © 2023, Emerald Publishing Limited.","Climate change; Community engagement; Disaster resilience; Flood; Text mining","Data mining; Disaster prevention; Disasters; Floods; Human resource management; Risk assessment; Search engines; Semantics; Community engagement; Community response; Disaster resiliences; Disaster-response; Flood mitigation; Flood risks; Preparedness and response; Scholarly articles; Text-mining; Topic Modeling; Climate change","English","Article","Scopus"
"Alwin; Rachmawati R.; Hidayati I.N.; Suprayogi S.","Alwin (60260764500); Rachmawati, Rini (56660543700); Hidayati, Iswari Nur (57196221238); Suprayogi, Slamet (55604892600)","60260764500; 56660543700; 57196221238; 55604892600","Resilient city and flood disaster mitigation adaptation community-based in Samarinda City","2025","0","10.1016/j.jum.2025.12.004","https://www.scopus.com/pages/publications/105026154875?origin=resultslist","A resilient city is a concept that refers to a city's ability to survive, adapt, and recover from various disturbances, including natural disasters such as floods. A resilient city does not only depend on strong physical infrastructure, but also on its social, economic, and institutional capacities. The application of the resilient concept means strengthening the community's ability to participate in the planning and implementation of flood mitigation strategies. To achieve resilient community resilience in cities, it is necessary to enhance the capacity of urban communities to anticipate the impacts of disasters. The objective of this study is to analyse the resilience of the community of Samarinda City to flood disasters. The research used quantitative methods with data collection through questionnaires. The population in the study was 1500 households directly affected by flooding, and the sample consisted of 316 households spread across 10 subdistricts. Data analysis used the Rap Resilient City unit of analysis with the MDS method using SPSS with parameters of multidimensional dimensions, ecological dimensions, economic dimensions, socio-cultural dimensions, ethical dimensions, and technological dimensions. The research results show that the resilience of Samarinda City is divided into two resilience index values: the multidimensional aspect is categorized as moderately sustainable (56 MDS), the economic dimension (61 MDS), and the socio-cultural dimension (61 MDS). These dimensions are moderately sustainable due to the increase in mining and industrial areas in Samarinda City, which has influenced the socio-economic conditions of the community. while the index values for the ethical dimension (50 MDS), ecological dimension (49 MDS), and technological dimension (47 MDS) are less sustainable. This is due to land use changes, insufficient early warning system facilities, and developed land in riverbank areas. The findings reveal a gap between the economic dimension and the ethical, ecological and technological dimensions in achieving a resilient urban community. Achieving resilient urban community resilience requires a holistic approach by integrating various dimensions. © 2025 The Authors.","City resilience; Community-based adaptation; Flood disaster; Rap resilience city; Urban resilience index","","English","Article","Scopus"
"Sun W.; Xiao E.; Kalin M.; Krumins V.; Dong Y.; Ning Z.; Liu T.; Sun M.; Zhao Y.; Wu S.; Mao J.; Xiao T.","Sun, Weimin (55726596800); Xiao, Enzong (56421823800); Kalin, Margarete (7005515105); Krumins, Valdis (6507933939); Dong, Yiran (22834451700); Ning, Zengping (56421461800); Liu, Tong (57221068310); Sun, Min (55450237400); Zhao, Yanlong (57071977200); Wu, Shiliang (57071807800); Mao, Jianzhong (57189331541); Xiao, Tangfu (7103094085)","55726596800; 56421823800; 7005515105; 6507933939; 22834451700; 56421461800; 57221068310; 55450237400; 57071977200; 57071807800; 57189331541; 7103094085","Remediation of antimony-rich mine waters: Assessment of antimony removal and shifts in the microbial community of an onsite field-scale bioreactor","2016","50","10.1016/j.envpol.2016.05.008","https://www.scopus.com/pages/publications/84969174838?origin=resultslist","An on-site field-scale bioreactor for passive treatment of antimony (Sb) contamination was installed downstream of an active Sb mine in Southwest China, and operated for one year (including a six month monitoring period). This bioreactor consisted of five treatment units, including one pre-aerobic cell, two aerobic cells, and two microaerobic cells. With the aerobic cells inoculated with indigenous mine water microflora, the bioreactor removed more than 90% of total soluble Sb and 80% of soluble antimonite (Sb(III)). An increase in pH and decrease of oxidation-reduction potential (Eh) was also observed along the flow direction. High-throughput sequencing of the small subunit ribosomal RNA (SSU rRNA) gene variable (V4) region revealed that taxonomically diverse microbial communities developed in the bioreactor. Metal (loid)-oxidizing bacteria including Ferrovum, Thiomonas, Gallionella, and Leptospirillum, were highly enriched in the bioreactor cells where the highest total Sb and Sb(III) removal occurred. Canonical correspondence analysis (CCA) indicated that a suite of in situ physicochemical parameters including pH and Eh were substantially correlated with the overall microbial communities. Based on an UPGMA (Unweighted Pair Group Method with Arithmetic Mean) tree and PCoA (Principal Coordinates Analysis), the microbial composition of each cell was distinct, indicating these in situ physicochemical parameters had an effect in shaping the indigenous microbial communities. Overall, this study was the first to employ a field-scale bioreactor to treat Sb-rich mine water onsite and, moreover, the findings suggest the feasibility of the bioreactor in removing elevated Sb from mine waters. © 2016 Elsevier Ltd. All rights reserved.","Fe-oxidizing bacteria; High-throughput sequencing; In situ bioremediation","Antimony; Bacteria; Biodegradation, Environmental; Bioreactors; China; Environmental Restoration and Remediation; Mining; Waste Water; Water Pollutants, Chemical; China; Gallionella; Leptospirillum; Thiomonas; Bacteria; Bioconversion; Bioreactors; Bioremediation; Cells; Cytology; Groundwater; Microorganisms; Mine flooding; pH effects; Redox reactions; RNA; Throughput; Water treatment; antimony; mine water; small subunit ribosomal RNA; unclassified drug; water; antimony; waste water; water pollutant; Canonical Correspondence Analysis; High-throughput sequencing; In-situ bioremediation; Microbial communities; Microbial composition; Oxidation reduction potential; Physicochemical parameters; Principal coordinates analysis; antimony; bioreactor; iron-reducing bacterium; microbial community; mine drainage; physicochemical property; remediation; water treatment; Article; bacterium; bioreactor; bioremediation; China; controlled study; environmental monitoring; Ferrovum; Gallionella; high throughput sequencing; Leptospirillum; microbial community; nonhuman; onsite field scale bioreactor; oxidation reduction potential; pH; Thiomonas; waste component removal; analysis; ecosystem restoration; mining; procedures; waste water; water pollutant; Biological water treatment","English","Article","Scopus"
"Pires A.P.F.; Rezende C.L.; Assad E.D.; Loyola R.; Scarano F.R.","Pires, Aliny P.F. (35119504500); Rezende, Camila L. (57195677761); Assad, Eduardo D. (6602906728); Loyola, Rafael (16507526800); Scarano, Fabio R. (7005768098)","35119504500; 57195677761; 6602906728; 16507526800; 7005768098","Forest restoration can increase the Rio Doce watershed resilience","2017","55","10.1016/j.pecon.2017.08.003","https://www.scopus.com/pages/publications/85029501259?origin=resultslist","Rio Doce watershed has centuries of land degradation and it was the main victim of the worst environmental disaster in Brazil's history. This process of deforestation and soil erosion could be significantly mitigated if compliance to the new Brazilian Native Vegetation Protection Law (NVPL) would be ensured. Here, we show how the percentage of forest kept in areas of permanent preservation (APP) required by the NVPL drives the overall resilience and resistance of the entire Rio Doce watershed and how it contributes to the national restoration commitments. We used water quality as a proxy for watershed resilience and resistance and we found that compliance to NVPL would require restoration of about 716 thousand hectares of riverine forest across the watershed. We found that increased forested areas improved watershed resistance and resilience during the rainy and dry seasons, respectively. Our estimates suggest that the implementation of the NVPL could improve water quality, in addition to removing 14 Gt CO2 yr−1 ha−1 from the atmosphere. At this scale, the forest restoration effort would represent 6% of Brazil's restoration commitment. Financial feasibility of such a restoration enterprise is also achievable; at the highest possible estimate, it would compromise about 59% of the total fund proposed by the mining companies responsible for the accident. Given the low socioeconomic indicators of this basin, intervention should be designed so as to improve local livelihoods and, therefore, contribute to local adaptation and sustainable development. © 2017 Associação Brasileira de Ciência Ecológica e Conservação","Areas of permanent preservation – APP; Ecosystem services; New Forest Code; Sustainable development goals – SDGs; Water quality","","English","Article","Scopus"
"","","","3rd International Conference on Energy and Environmental Protection, ICEEP 2014","2014","0","","https://www.scopus.com/pages/publications/84904200062?origin=resultslist","The proceedings contain 805 papers. The special focus in this conference is on Applied Energy Technology, Advances in Environmental Technologies, Thermal, Power and Electrical Engineering, and Resources and Sustainable Development. The topics include: Chromium removal from aqueous solution by microwave-modified phosphogypusum; desorption of copper from soils enchanced by dihydroxysuccinic acid; facile synthesis of NiO nanoflowers and their application in water treatment; preparation of gold nanoparticles supported on montmorillonite and its catalytic activity for CO oxidation; study of additives on performance of copper films with pulse electroplating; the composition and application of UV-curable adhesive; adsorption of organic pollutants by ferric oxide modified montmorillonite; effect of dynamic change of activities of enzymatic in sugarcane field with different coating material; enhanced coagulation for slightly polluted seawater using ferric sulfate and modified diatomite; photocatalytic degradation of methyl orange using doped titanium dioxide coating; preparation of catalytic paper using Fe-pillared bentonite as filler by a paper-making technique; properties, preparation and application of oil spill dispersant; the role of nano ceramic materials with high specific surface in environment protection; a brief view on the reflection of pleated design in the concept of low-carbon clothing; isolation and characterization of three bacterium strains for biodegradation of methamidophos; research on biological materials for artificial propagation of bird nest fern spore; study on the impact factors of microbial oil displacement efficiency; application of bioinformatics in microbial ecology; community based environmental risk analysis for ciprofloxacin hydrochloride; cultivation of chlorella culturing with RO brine - primary effluent blended; effects of lanthaum on active oxygen metaboism in soybean; experimental study of treating petroleum refinery wastewater by vacuum distillation; investigating the interaction of ninhydrin with amino acids and polypeptide; photocatalytic degradation of phenol with bacteriorhodopsin sensitized TiO2 nanoparticles; the electrochemical corrosion behaviors of X70 pipeline steel in polluted freshwater; the study of residual oil gasification into methane; study on the flocculating performance of modified starches; magnetic bacteria as a tool for bioremediation of heavy metal ion; the scaling preventable measures of multi-effect distillation plants; researching on double-reserve flotation reagents of phosphate mineral; experimental study on supercritical water oxidation of paper mill sludge; synthesis and characterization of canola oil-based polyisocyanates; quantity dynamics of vegetation characteristics; an application of molecular tools in plant genetic diversity conservation; vegetation fraction change monitoring in Beijing by remote sensing; vibration analysis of the control valve coupled models; wavelet denoising method for RF signal; discussion on the biodegradation performance of foam extinguishing agent; experiment and research on the mechanism of foam dedusting agent; the nanofiltration technology of metoprolol in the water environment; analysis of chronic diseases in technology universities faculty; purifying the welding fume on the spot with corona plasma; city soil pollution degree of heavy metals; design of environmental monitoring data collection repeater; modelling study of the influence of wave farm to nearshore wave climate and current; study on dynamic changes of soil salinity in southern area of Laizhou bay; a new method for forecasting of non-point source pollutant load; assessment on heavy metals in edible bivalves in Dandong market; effects of livestock farms on heavy metal pollution in farmland soils; imbalanced environmental interests among subjects with distinctive rights; key pollution source monitoring and supervision system based on RFID technology; prediction of GC retention times of PBDE congeners based on QSRR; prediction of GC retention times of PBDE congeners based on QSRR; study of effects of long-range transport of air pollutants on the atmospheric environment; study on the impact of fog and haze on environment and control recommendations; the recent advances and applications of arsenic speciation in water; BCR speciation analysis of mercury in smelting slag at Yunnan arsenic mining area; the green port grade evaluation method based on AHP; relationship between number of tourists and environment of scenic; research on measures to strengthen environmental risk management of chemicals in Jiangsu province; effect of discharged brine on the marine ecological environment; prospects of biochar technology in China based on SWOT analysis; the land use sustainability in Xining which based on ecological footprint model; research on environmental risk assessment of contaminated sites reuse; an analysis of safety management in construction projects; the research and summary of road deicing methods; design of emergency prevention system based on GIS; an experimental study on compatible solute ectoine dosing of high salinity wastewater; inhibition of nitrite on denitrifying phosphate removal process; environmental analysis of pure electric vehicle battery recycling and utilization; the instance analysis of mine geological environment protection and recovery management; urban sewage treatment project risk management model; research progress of simulation on the flow field in anaerobic reactor; adsorption of herbicide onto fly ash sample from aqueous solution; applicability from earthworms to live in the soil with PAHs; applicability from earthworms to live in the soil with PAHs; study on the novel non-aeration membrane bioreactor; effects of solid organic carbon on nitrate remove in groundwater; mechanism of collection of dust particles by charged droplet; research progress of scale inhibition mechanism; sustainable wastewater reuse technique for irrigation; the research progress of nitric oxides controlling technology; study on the ozone treatment of night-soil sewage; study on biofortification in vertical flow constructed wetland; research progress on the electric coagulation of fine dust; the treatment of aniline wastewater by electro-Fenton method; analysis on biogas engineering of farm and investment result; research on waste product recycling ability evaluation for remanufacturing; study of anaerobic digestion of model kitchen waste; study on preparation of a new-type catalyst and its catalytic activity; design and simulation optimization of the gravity oil-water separator; kinetic study on pyrolysis of gentamicin residue; a new method for comprehensive utilization of kitchen garbage; the research of construction waste on the road base; the treatment and recycling of FGD waste; study on rapid high-efficient composting process of sewage sludge; research on driving mechanism of socio-economic factors for water cycle; analysis on hydrogeological conditions of Nanlizhuang iron ore in China; research and application in ecological revetment of the mountain river; water resources adaptive management to cope with uncertainty; study on the marine environment protection for the south China sea; advance in coupled surface water and groundwater models; prediction of water quality using fuzzy logic; models of water strategy based on linear regression; a study of local drag characteristics in elbow pipe; comparison on permanganate and ozone as pre-oxidation agents; evaluation research of rural potable water supply project construction in Shaoxing; the influence of long-term fertilization on soil acidification; numerical calculation of the erosion force based on the rainfall; the preliminary study on definition of slope debris flow; analysis on the causes and hazards of fog-haze and prevention strategies in China; research on soil moisture and nutrients in different steppe ecosystems; a review of forestland use and management in China; study on the changes of seedling biomass of introduction fast-growing poplar; mine dynamic monitoring and integrated management based on RS and GIS; research on location in complex mountainous base on GIS; paddy field purifying fishpond water and the necessary size; advances in water purification for pond freshwater aquaculture; try to talk about the role of landscape plants in urban garden; study on environmental issues of golf course construction in China and value theory of lean construction in China.","","","English","Conference review","Scopus"
"Heyns P.","Heyns, P. (8330522200)","8330522200","Application of a basin management approach to groundwater utilization in the Otavi Mountain Land, Namibia","2008","5","10.1016/j.pce.2008.06.028","https://www.scopus.com/pages/publications/48749127248?origin=resultslist","The purpose of the paper is to provide an analysis of sustainability issues related to the practical implementation of the concept of basin management with reference to the Karst Water Management Body (KWMB) in Namibia. A river basin is regarded as an appropriate management unit and the concept of establishing basin management institutions was introduced to achieve the objectives of sustainable natural resources management in general. However, the karst aquifer is unique because it lies in the headwaters of a number of river basins and the management of this groundwater resource goes a little beyond the logic of water resource management as it is understood for surface water sources. In view of the unacceptability of the perceived top down management of water resources, a need was identified for a participatory approach to integrated groundwater resources management in the Otavi Mountain Land in Namibia. After consultations with the Government of Namibia (Government), the KWMB was established to assist stakeholders who obtained water for domestic use, mining and irrigation from aquifers in a karstified hydrogeological environment located in the Otavi Mountain Land in northern Namibia with the management of their water sources. The karst area has been declared a groundwater control area by the Government and provides the framework for efficient and sustainable management of groundwater resources. The eventual sustainability of a basin management institution depends on the justification for such an institution, the capacity of the stakeholders to drive the required activities, the resources at the disposal of the institution and numerous other factors beyond the control of the institution. The paper discusses the practical application of the principles and concepts of basin management, the challenge of stakeholder participation, the impact of Government policy and legislation as well as the sustainability of the basin management institution. The paper demonstrates that management of surface water basins and groundwater aquifers are different in nature and require different management approaches. © 2008 Elsevier Ltd. All rights reserved.","Aquifer management; Basin management; Groundwater allocation; Stakeholder participation","Africa; Namibia; Otavi; Otjozondjupa; Southern Africa; Sub-Saharan Africa; Aquifers; Energy resources; Groundwater; Groundwater resources; Hydrogeology; Information management; Knowledge management; Landforms; Natural resources management; Offshore oil well production; Public policy; Resource allocation; Reusability; Societies and institutions; Sustainable development; Underground reservoirs; Water analysis; Water management; Watersheds; aquifer; basin management; groundwater resource; river basin; stakeholder; surface water; sustainability; water planning; water use efficiency; Aquifer management; Basin management; Control area; Domestic use; Government policies; Groundwater allocation; Groundwater aquifers; Groundwater resources management; Groundwater utilization; Hydrogeological; Karst aquifers; Karst areas; Karst water; Management unit; Namibia; Participatory approaches; Practical implementation; Resources management; River basins; Stakeholder participation; Surface water sources; Sustainability issues; Sustainable management; Top-down; Water basins; Water resource management; Water resources; Water sources; Management","English","Article","Scopus"
"Iqbal A.; Rahman M.; Murshed S.; Islam A.; Muktadir H.; Khan M.; Bala S.","Iqbal, Ashik (57362672500); Rahman, Md. Rezaur (60593834800); Murshed, Sonia Binte (56041609400); Islam, A. K. M. Saiful (15846874200); Muktadir, Hussain Muhammad (58938624100); Khan, Muhammad Zakir Hossain (57446689000); Bala, Sujit Kumar (15750229600)","57362672500; 60593834800; 56041609400; 15846874200; 58938624100; 57446689000; 15750229600","Past, Present and Future of Embankments in Bangladesh: An Investigation of the Embankment Failures and Recommendations for Sustainable Solutions","2026","0","10.1002/wwp2.70080","https://www.scopus.com/pages/publications/105036485522?origin=resultslist","Embankments have traditionally served as the primary structural measure to protect floodplains from inundation. In Bangladesh, these structures are increasingly recognized as socio-technical systems embedded within complex social and institutional dynamics. This study critically examines the historical performance of embankments, identifies the causes of their poor functionality and current challenges, and proposes future-oriented recommendations to rethink the traditional embankment system. Employing a mixed-methods approach, including field observations, key informant interviews (KIIs), focus group discussions (FGDs), strengths, weaknesses, opportunities, and threats (SWOT), and policy analysis, the study provides a comprehensive analysis linking past experiences with present realities and future demands. Initially constructed in the 1960s to protect agricultural lands from prolonged monsoon flooding, embankments have since altered the biophysical characteristics of rivers and floodplains. Over time, their performance has deteriorated due to weakened institutional capacity, inadequate maintenance funding, and evolving socioeconomic conditions. The study highlights critical issues such as delayed project implementation, lack of community ownership, and unregulated sand mining. It recommends a socio-technical approach with timely project execution, community-based planning and management, promotion of multipurpose use, and the integration of satellite-based monitoring, along with policy-based recommendations. The study also recommends policy coherence and a mandated action plan per policy for proper implementation. Furthermore, aligning embankment development with integrated water resources management (IWRM) principles is essential to enhance climate resilience and ensure long-term functionality. © 2026 Policy Studies Organization.","integrated water resources management (IWRM); policy regime; rethinking of embankment system; socio-technical framework; sustainable solutions","","English","Article","Scopus"
"Kamalrathne T.; Amaratunga D.; Haigh R.","Kamalrathne, Thushara (57214120960); Amaratunga, Dilanthi (9639075900); Haigh, Richard (11339217900)","57214120960; 9639075900; 11339217900","Community is a solution, not a problem: A systematic review on lessons learned during the COVID-19 pandemic on improving the capacity of the last mile through community-based approaches","2025","2","10.1016/j.pdisas.2025.100489","https://www.scopus.com/pages/publications/105023175742?origin=resultslist","Community involvement in disaster risk reduction plays a vital role in various aspects. It enhances understanding of the challenges and risk dynamics at the local level, as well as potential solutions. Community-based approaches have been proven effective for disaster risk mitigation, particularly in resource-limited settings. During the COVID-19 pandemic, many community-based interventions emerged as alternative strategies and coping mechanisms, which are the primary focus of this paper. Data for this study were collected through a systematic review using databases such as ScienceDirect, Scopus, and Emerald Journals. After a thorough record mining process, 38 records were selected for analysis—30 from peer-reviewed journal articles and eight from grey literature. Thematic analysis was employed to examine the qualitative data gathered from these manuscripts, utilizing NVivo-14 software. Initial coding and focused coding were applied to identify key themes. The findings indicate that many communities in developing countries effectively utilized community-based approaches to address the primary challenges posed by the COVID-19 pandemic. These challenges were closely related to health system overloads, implications of responses during lockdowns, low acceptance of preventive measures, difficulties in data management, risk communication, and early warnings. Other issues included livelihood disruptions and food safety, social isolation and mental health concerns, public health information management, and severe impacts on vulnerable and marginalised communities. Furthermore, affected communities collaborated with local stakeholders to implement many community-based interventions. There is a pressing need to document and assess these initiatives as part of regional and national disaster risk reduction frameworks to enhance evidence-based practices © 2025 The Authors.","Community-based approach; Community-based interventions; COVID-19 pandemic; Disaster risk reduction; Health hazards","COVID-19; disaster management; health impact; literature review; local participation; mitigation; stakeholder","English","Article","Scopus"
"Braucher C.; Benguria H.B.","Braucher, Chiara (60334307700); Benguria, Hernán Bianchi (60334307800)","60334307700; 60334307800","Extractivist Fractures in the Atacama Desert: An Oasis of Contradictions","2025","0","10.4000/15d2n","https://www.scopus.com/pages/publications/105027558193?origin=resultslist","This article examines the socioecological ‘fractures’ emerging from lithium extraction in the Atacama Salt Flat, a massive, high-altitude saline formation on the Chilean Andean Mountain Range, and one of the world’s richest lithium reserves. Conceptualized as an ‘oasis of contradictions,’ the Atacama’s territory—defined by its hydrological basin—is simultaneously, a site for the global ‘green’ transition and a space of deepening dispossession—where transnational demands for lithium collide with Indigenous territorialities. Grounded in political ecology and based on extensive fieldwork with Lickanantay communities, our study imagines ‘fractures’ as multidimensional disruptions—ecological, cultural, and political—driven by extractivist dynamics. By unpacking the socioecological fallout of ‘green’ mining—foregrounded by Indigenous resistance and territorial claims in the Andean Highlands—our research challenges dominant development logics and calls for governance frameworks grounded in socioenvironmental justice and community resilience. © 2025, Armand Colin. All rights reserved.","Atacama salt flat; Chile; dispossession; energy transition; epistemic violence; extractivism; extractivist fractures; fracture; political ecology","Atacama Desert; Chile; desert; environmental justice; fieldwork; governance approach; lithium; mining; territoriality; violence","English","Article","Scopus"
"Sinaj Z.; Robert Dumi A.","Sinaj, Zamira (56005479100); Robert Dumi, Alba (56521559900)","56005479100; 56521559900","Evaluation, a challenge for successful management, performance and motivation of the public administration empirical analysis in front of theory-cal analysis","2015","8","10.5901/mjss.2015.v6n1p261","https://www.scopus.com/pages/publications/84923070158?origin=resultslist","This study examines the legal framework for municipal governance and analyses whether, in practice, the relationships follow the pattern as intended in the law. But, today there is growing recognition of the important role that community-based organizations (CBOs) can play in supporting young people’s postsecondary aspirations and success Business takes place worldwide, in a huge diversity of societies and between widely varying organizations. Actually, the business environment has become more complex, with expanding and deepening ties between societies and between the many organizations within those societies. Moreover, many large organizations now see themselves as truly global in scope, not rooted in any one society. This study empirically examines the impact of debt management policies on borrowing costs incurred by state governments when issuing debt in the municipal bond market and it is in focus of public administration reforms. Many activities in Albania required cumbersome licensing procedures and permits. In 2007, the GOA approved the Action Plan for Regulatory Reform which provided for a full review of Albania’s entire legal licensing system to harmonize the licensing legislation to EU standards and reduce administrative barriers for businesses operating in Albania. As a result, many licenses were removed while a broad simplification of licensing procedures has been completed in many sectors including, mining, hydrocarbons, public works, health, agriculture and the environment. By October 2008, 64 out of 151 licenses identified in 18 sectors of the economy were removed and another 21 licenses were changed into self-declaration. Work is in progress to identify other licenses that could be removed. For the remaining licenses the government plans to start a ""One-Stop-Shop"" for licensing within the first quarter of 2009. However, licensing and post-registration processes require further simplification and the removal of licenses needs to be accompanied by a strengthening of the supervision capacities of public agencies. © 2015 Mediterranean Journal of Social Sciences. All rights received.","EU negotiated; Government; Performance; Public goals; Roles of governments","","English","Article","Scopus"
"Karunarathne A.Y.; Gress D.R.","Karunarathne, Ananda Y. (57209074059); Gress, Douglas R. (20433321700)","57209074059; 20433321700","Building rural community resilience: The case of gem extraction in flood-affected areas of Sri Lanka","2023","4","10.1016/j.exis.2023.101365","https://www.scopus.com/pages/publications/85175320855?origin=resultslist","Sri Lankan gem mining and extractive industry communities experience enormous amounts of devastation from mass flooding events. Despite the pressing importance of understanding Gem Mining Community Resilience (GMCR) vis-à-vis community flood disaster management, the topic remains under researched. In order to address this gap in the extant literature, this study investigates the resilience of Sri Lankan gem mining communities’ social support network legacies (mitigation and adaptation) in response to a 2017 mass flooding event. Survey data were collected from 167 flood-affected gem mining households (GMHs) in fifteen local administrative units (GNDs) located in two Sri Lankan divisional secretariat divisions (DSDs). Social Network Analysis (SNA) is deployed to investigate the changing contours of social support network centralities before, during, and after the flooding event. Results suggest that the social support network legacies of the surveyed communities evolved over different flood-inundation phases in different geographical settings, thus improving GMCR. Flood inundation depth impacted network activities as well. Multi-actor social support networks working in concert with social capital legacies have shaped the processes of resource mobilization and flood victim livelihood revivification. These mitigation and adaptation practices, along with a GMCR framework developed in the study, may impart lessons for local and national policy, as well as for gem mining communities in other developing countries. © 2023 Elsevier Ltd","Extractive industries; Flood disasters; Gem mining; Gem mining community resilience (GMCR); Social support network legacies; Sri Lanka","","English","Article","Scopus"
"","","","Proceedings - 2016 International Conference on Smart Grid and Electrical Automation, ICSGEA 2016","2016","0","","https://www.scopus.com/pages/publications/85006999885?origin=resultslist","The proceedings contain 74 papers. The topics discussed include: thinking of planning and grid connection for large-scale wind power base; research and application of monitoring online system for relay; research on smart meter appearance detection based on unified LBP algorithm; the research about influence of voltage sag on high-pressure sodium lamp; plane design of digital community based on 3dmax; research on the hydropower science and technology in the era of big data based on data mining; simulation and analysis of air conditioning system energy consumption based on staged building energy saving design; the study on discussion of web service-based bidding decision support system of power generation enterprises; and urban sports level evaluation based on improved fuzzy analytic hierarchy process.","","","English","Conference review","Scopus"
"Irshad S.M.","Irshad, S. Mohammed (56004487200)","56004487200","Landslide risk, resilience and resistance: confronting community resilience with economic benefits in landslide-prone areas in Kerala","2021","1","10.1504/IJEM.2021.118769","https://www.scopus.com/pages/publications/85119084478?origin=resultslist","Landslides are increasingly posing challenges to disaster risk management institutions in countries like India. Unlike other disaster risk reduction measures that include community-based resilience, it is a challenging task in the present context of development. Landslide-prone areas in India are not just risky geographical regions with vulnerable people; instead these are ‘emerging economic zones’. The economic value of these regions displaces the risk and hence, state governments and central government often find it difficult to promote community-based resilience in landslide-prone areas. The community often interprets resilience as resistance. Community-based resilience in landslide-prone area never follows the general theoretical position on resilience as the ability to bounce back. Large-scale concentrations of quarry industries in the landslide-prone areas of Kerala limit the community mobility as resilience. The idea of resilience converged into resistance in the landslide susceptible areas in Kerala. Resistance becomes an easy method rather than building resilience. Copyright © 2021 Inderscience Enterprises Ltd.","Community mobility; Landslide; Movement; Quarry industries; Resilience","Disasters; Geographical regions; Quarries; Risk assessment; Risk management; Community mobility; Community resiliences; Community-based; Disaster risk reductions; Economic benefits; Landslide-prone areas; Movement; Quarry industry; Resilience; Risks management; article; controlled study; disaster mitigation; government; human; India; landslide; theoretical study; vulnerable population; Landslides","English","Article","Scopus"
"Nie R.; Qiu J.; Liu Y.","Nie, Ruxin (57211329168); Qiu, Junhao (59659703000); Liu, Yameng (59659136100)","57211329168; 59659703000; 59659136100","Multi￣dimensional characteristics analysis of stakeholders in rainstorm and flood public opinion based on social networks; [基于社交网络的暴雨洪涝舆情利益相关者多维特征分析]","2025","1","10.13577/j.jnd.2025.0102","https://www.scopus.com/pages/publications/85219105955?origin=resultslist","In order to effectively handle public opinion crises caused by natural disasters, this paper takes the case of the public opinion events of heavy rain and flood in Hebei, and proposes improved rules for dividing public opinion stakeholders and a multi￣dimensional characteristics analysis method for online public opinion targeting different stakeholders based on previous literature. The aim is to provide targeted guidance for government policy￣making and public opinion governance. Specifically, this paper utilizes social networks represented by Weibo, based on the divided public opinion lifecycle and stakeholders, and integrates Latent Dirichlet allocation(LDA) topic modeling, ERNIE 3.0 sentiment analysis, and word co￣occurrence network analysis methods to conduct an in￣depth analysis of online comments related to unexpected natural disasters from multiple dimensions of content features, spatiotemporal characteristics, and network characteristics. This reveals the evolution characteristics of public opinion among various stakeholders in the public opinion events of heavy rain and flood in Hebei. The research results show that ordinary netizens have focused and diverse concerns, while online media focuses on centralized and singular themes. Opinion leaders tend to capitalize on traffic, and official media focuses on disaster warnings and reassuring the public. It is worth noting that in addition to the disaster￣stricken areas, the locations of major media outlets, which are high￣risk areas for public opinion crises, should also be given priority attention, and relevant departments urgently need to strengthen the guidance and supervision of public opinion in the latter. The method proposed in this paper not only improves the accuracy of topic mining, but also achieves accurate characterization of the multi￣dimensional characteristics of different stakeholders in each public opinion cycle. This research can provide targeted guidance and emergency plans for online public opinion crises triggered by unexpected natural disasters such as heavy rain and floods. © 2025 Institute of Engineering Mechanics (IEM). All rights reserved.","life cycle; multi￣dimensional characteristics; public opinion; rainstorm and flood in Hebei; social network; stakeholders","China; Hebei; accuracy assessment; flooding; governance approach; guideline; local participation; meteorological hazard; natural disaster; participatory approach; policy making; precipitation intensity; rainstorm; social network; stakeholder","Chinese","Article","Scopus"
"Jaskoski M.","Jaskoski, Maiah (54585246300)","54585246300","Opportunities and Choices During Environmental Licensing: Community Participation in Latin America’s Extractive Sectors","2024","1","10.1007/s12116-023-09416-w","https://www.scopus.com/pages/publications/85185953790?origin=resultslist","In many Latin American countries, the state is to inform communities about proposed large-scale development that affects them, often in a public hearing on the environmental impact study (estudio de impacto ambiental, EIA). This article explores the role of the EIA public hearing in environmental governance, specifically in terms of local community participation in extractives. Analysis of nine mining and hydrocarbon conflicts in Colombia and Peru reveals that sometimes the public hearing is a space for project opponents alone to participate intensively, with a focus on altering development outcomes; in other cases, activists and project supporters compete at hearings; and, finally, some communities eschew the hearing entirely. The study points to two factors to explain this variation: first, whether the public hearing is a mandatory stage in environmental licensing, and second, the cohesion of impacted communities. Running counter to existing criticisms of the structures that govern public hearings in Colombian environmental licensing, the article finds that the hurdle for Colombian communities of requesting the hearing has contributed to effective organizing by movements opposed to large-scale development. © The Author(s), under exclusive licence to Springer Science+Business Media, LLC, part of Springer Nature 2024.","Colombia; Environmental impact assessment; Environmental licensing; Extractive industry; Hydrocarbons; Mining; Participatory institution; Peru; Protest; Resource conflict","Peru; conflict management; environmental impact assessment; environmental policy; hydrocarbon exploration; Latino people; mining industry; oil industry; participatory approach; popular protest","English","Article","Scopus"
"Figus-Illinyi R.","Figus-Illinyi, Rita (59656402800)","59656402800","Resilience in Pontifical Doctrines: From Pope Benedict XVI to Pope Francis","2025","1","10.3390/rel16020219","https://www.scopus.com/pages/publications/85218917310?origin=resultslist","This study explores the concept of resilience within the teachings of Popes Benedict XVI and Francis, comparing these with established psychological resilience theories by Ungar and Holling. Through a comprehensive analysis of documents sourced from the Vatican’s official website, resilience is examined across individual, community, and global dimensions. Individual resilience emphasizes spiritual resources such as faith and hope, which Pope Benedict XVI and Pope Francis underscore as essential for overcoming personal and societal crises. Community resilience is highlighted in the context of solidarity, cooperation, and cultural identity, as demonstrated in responses to natural disasters and sociopolitical challenges. At a global level, Pope Francis advocates ecological sustainability and systemic justice, tying resilience to shared responsibilities and global solidarity. Methods include textual frequency analysis and semantic mapping of resilience-related terms within papal documents, complemented by a comparative analysis with psychological resilience frameworks. Findings reveal unique contributions of papal teachings, such as the integration of spiritual, moral, and ecological dimensions, which expand traditional resilience concepts. This theological lens adds normative and prescriptive elements, offering transformative perspectives for resilience studies, emphasizing faith, values, and sustainability as pivotal components for enduring and thriving amidst adversity. Limitations of data mining methods suggest potential for further interdisciplinary research. © 2025 by the author.","crisis; global and regional stability; popes; psychology; resilience","","English","Article","Scopus"
"Fan Y.; Lyu X.","Fan, Yangyang (57226402051); Lyu, Xiaojun (56046831700)","57226402051; 56046831700","Exploring two decades of research in community resilience: A content analysis across the international literature","2021","16","10.2147/PRBM.S329829","https://www.scopus.com/pages/publications/85117331928?origin=resultslist","Introduction: Community resilience (CR) has gradually become a hot topic in uncertain times, especially in the last five years. The current study presents a systematic review based on content analysis to present a knowledge graph of CR research over the last 20 years. Methods: We use an approach of Leximancer to conduct the content analysis to explore the intellectual foundations, research context, topics, and methods of CR literature based on 583 published studies. Results: The results show that framework research of CR is a hot topic throughout the last 20 years. In the first stage (from 2001 to 2015), CR connected with the themes of “frame-work, disaster, change, and model”. Comparatively, in the second stage (from 2016 to 2020), the themes of “social capital, capacity, and framework” are more salient connecting with CR. Additionally, the study detected that the key issues varied across countries. Specifically, research in the US focused on the social support dynamic, while in Australia, recovery from the disaster was the predominant theme. Furthermore, in the UK, studies mostly explore resilience issues in the background related to flooding. Discussion: Our findings provide a comprehensive picture of CR research covering the last 20 years and put forward thoughts and recommendations for future resilience studies con-sidering 1) obstacles within daily life, 2) resilience set within organizational perspectives, and 3) cultural context. © 2021 Fan and Lyu.","Community resilience; Content analysis; Cross-country comparison; Text mining","article; Australia; content analysis; disaster; flooding; human; mining; social capital; social support; systematic review","English","Article","Scopus"
"Zhang C.; Lin H.; Hao H.; Chen Y.","Zhang, Cancan (60171922700); Lin, Han (55841418200); Hao, Haiyan (57218222103); Chen, Yudi (59813635000)","60171922700; 55841418200; 57218222103; 59813635000","How do electric vehicles impact community resilience? A bi-Layer network perspective","2026","1","10.1016/j.trd.2025.105075","https://www.scopus.com/pages/publications/105021023656?origin=resultslist","Understanding how electric vehicles (EVs) affect community resilience is critical for disaster management. This study proposes a bi-layer network model that links resilience capacities with impact modes, based on empirical evidence mined from social media. Using a large language model (LLM)-assisted approach, we extract triplets from each post–resilience capacity, impact mode, and impact polarity (positive or negative)–and construct separate networks for positive and negative impacts. The positive network is denser and more interconnected, while the negative network is more fragmented, reflecting localized vulnerabilities. Community detection reveals clustered impact patterns, ranging from technical issues to social support. Capacities such as resource volume and social vulnerability are highly sensitive to both benefits and drawbacks of EVs, whereas social support and community bond show consistently positive associations. These findings underscore the dual role of EVs as both resilience enablers and potential stressors, informing adaptive and inclusive strategies for disaster management. © 2025 Elsevier Ltd","Community resilience; Disaster management; Network modeling; Social media mining","Disasters; Electric vehicles; Network layers; Population dynamics; Social networking (online); Bi-layer; Community resiliences; Disaster management; Impact mode; Layer networks; Mode-based; Network models; Social media minings; Social support; Vehicle impact; adaptive management; disaster management; electric vehicle; media role; social media; strategic approach; transportation planning; transportation system; vulnerability; Disaster prevention","English","Article","Scopus"
"Zou L.; Lam N.S.N.; Shams S.; Cai H.; Meyer M.A.; Yang S.; Lee K.; Park S.-J.; Reams M.A.","Zou, Lei (56797356100); Lam, Nina S. N. (7101750709); Shams, Shayan (57189598971); Cai, Heng (56797269800); Meyer, Michelle A. (56745269600); Yang, Seungwon (15048968900); Lee, Kisung (55759077400); Park, Seung-Jong (7501830301); Reams, Margaret A. (6602525988)","56797356100; 7101750709; 57189598971; 56797269800; 56745269600; 15048968900; 55759077400; 7501830301; 6602525988","Social and geographical disparities in Twitter use during Hurricane Harvey","2019","103","10.1080/17538947.2018.1545878","https://www.scopus.com/pages/publications/85058103856?origin=resultslist","Social media such as Twitter is increasingly being used as an effective platform to observe human behaviors in disastrous events. However, uneven social media use among different groups of population in different regions could lead to biased consequences and affect disaster resilience. This paper studies the Twitter use during 2017 Hurricane Harvey in 76 counties in Texas and Louisiana. We seek to answer a fundamental question: did social-geographical disparities of Twitter use exist during the three phases of emergency management (preparedness, response, recovery)? We employed a Twitter data mining framework to process the data and calculate two indexes: Ratio and Sentiment. Regression analyses between the Ratio indexes and the social-geographical characteristics of the counties at the three phrases reveal significant social and geographical disparities in Twitter use during Hurricane Harvey. Communities with higher disaster-related Twitter use in Harvey generally were communities having better social and geographical conditions. These results of Twitter use patterns can be used to compare with future similar studies to see whether the Twitter use disparities have increased or decreased. Future research is also needed to examine the effects of Twitter use disparities on disaster resilience and to test whether Twitter use can predict community resilience. © 2018, © 2018 Informa UK Limited, trading as Taylor & Francis Group.","digital divide; emergency management; Hurricane Harvey; social and geographical disparities; Social media; Twitter","Louisiana; Texas; United States; Behavioral research; Civil defense; Data mining; Disasters; Hurricanes; Regression analysis; Risk management; Digital divide; Emergency management; social and geographical disparities; Social media; Twitter; data mining; disaster management; future prospect; hurricane event; prediction; social media; Social networking (online)","English","Article","Scopus"
"Birch T.","Birch, Tony (57194104682)","57194104682","Climate change, mining and traditional indigenous knowledge in Australia","2016","32","10.17645/si.v4i1.442","https://www.scopus.com/pages/publications/84959377601?origin=resultslist","Australia, in common with nations globally, faces an immediate and future environmental and economic challenge as an outcome of climate change. Indigenous communities in Australia, some who live a precarious economic and social existence, are particularly vulnerable to climate change. Impacts are already being experienced through dramatic weather events such as floods and bushfires. Other, more gradual changes, such as rising sea levels in the north of Australia, will have long-term negative consequences on communities, including the possibility of forced relocation. Climate change is also a historical phenomenon, and Indigenous communities hold a depth of knowledge of climate change and its impact on local ecologies of benefit to the wider community when policies to deal with an increasingly warmer world are considered. Non-Indigenous society must respect this knowledge and facilitate alliances with Indigenous communities based on a greater recognition of traditional knowledge systems. © 2016 by the author; licensee Cogitatio (Lisbon, Portugal).","Australia; Climate change; Indigenous knowledge; Interconnection; Two-way learning; Wellbeing","","English","Article","Scopus"
"Tanguy J.-M.","Tanguy, Jean-Michel (7005643642)","7005643642","ANSWER: A scientific participatory initiative in the field of water; [ANSWER: une opération de sciences participatives dans le domaine de l'EAU]","2016","0","10.1051/lhb/2016026","https://www.scopus.com/pages/publications/84979529955?origin=resultslist","The French ministry of Ecology, Sustainable Development and Energy decided to launch a scientist participatory initiative in the field of water. This initiative brings the general public and scientist community together, with the aim to improve the knowledge in the field of water. The general public is invited to take pictures, film and conduct field experiments as witness of hydraulically interesting processes as propagation - deformation of surface waves in rivers as well as in oceans, river bed evolutions... The corresponding videos can refer to common or exceptional events: they will also constitute precious first hand documents. The documents produced can be commented by scientists and utilized for publishing purposes. ANSWER initiative is based on the collaborative tool WIKHYDRO, which is the wiki of the ministry of Ecology, Sustainable Development and Energy in the water field. Opened on Internet, it contains 1600 pages, 300 videos. The first feedback some months after the launch is positive and encouraging and some videos illustrating some physical phenomena have already raised the curiosity of the scientists. The follow-up of the initiative is to use the videos recorded during floods or storm surges to quantify some data as water levels or water velocities. ANSWER is a response to our connected society, which uses new technologies of information and communication technologies (ICT): Internet, smartphones, social networks, smart sensors... The citizen, who provides geo-referenced data, becomes a major actor of his territory. The qualitative and quantitative big data mining can contribute to improve public policies in the fields of prevention, forecasting and resilience of territories. © Société Hydrotechnique de France, 2016.","Hydraulics; ICT; Participatory science; Technical videos; Water wiki","data mining; deformation; hydraulics; information and communication technology; Internet; knowledge; participatory approach; surface wave; wave propagation","French","Article","Scopus"
"Goltsman D.S.A.; Comolli L.R.; Thomas B.C.; Banfield J.F.","Goltsman, Daniela S. Aliaga (25225354200); Comolli, Luis R. (7801513056); Thomas, Brian C. (7401507376); Banfield, Jillian F. (7005748958)","25225354200; 7801513056; 7401507376; 7005748958","Community transcriptomics reveals unexpected high microbial diversity in acidophilic biofilm communities","2015","65","10.1038/ismej.2014.200","https://www.scopus.com/pages/publications/84925091835?origin=resultslist","A fundamental question in microbial ecology relates to community structure, and how this varies across environment types. It is widely believed that some environments, such as those at very low pH, host simple communities based on the low number of taxa, possibly due to the extreme environmental conditions. However, most analyses of species richness have relied on methods that provide relatively low ribosomal RNA (rRNA) sampling depth. Here we used community transcriptomics to analyze the microbial diversity of natural acid mine drainage biofilms from the Richmond Mine at Iron Mountain, California. Our analyses target deep pools of rRNA gene transcripts recovered from both natural and laboratory-grown biofilms across varying developmental stages. In all, 91.8% of the ∼254 million Illumina reads mapped to rRNA genes represented in the SILVA database. Up to 159 different taxa, including Bacteria, Archaea and Eukaryotes, were identified. Diversity measures, ordination and hierarchical clustering separate environmental from laboratory-grown biofilms. In part, this is due to the much larger number of rare members in the environmental biofilms. Although Leptospirillum bacteria generally dominate biofilms, we detect a wide variety of other Nitrospira organisms present at very low abundance. Bacteria from the Chloroflexi phylum were also detected. The results indicate that the primary characteristic that has enabled prior extensive cultivation-independent 'omic' analyses is not simplicity but rather the high dominance by a few taxa. We conclude that a much larger variety of organisms than previously thought have adapted to this extreme environment, although only few are selected for at any one time. © 2015 International Society for Microbial Ecology All rights reserved.","","Archaea; Bacteria; Biodiversity; Biofilms; Eukaryota; Gene Expression Profiling; Genes, rRNA; Hydrogen-Ion Concentration; Mining; Phylogeny; Water Microbiology; California; Iron Mountain; Richmond Mine; United States; Chloroflexi; Chloroflexi (class); Eukaryota; Leptospirillum; Nitrospira; abundance; acid mine drainage; acidophily; biofilm; community structure; dominance; microbial community; microbial ecology; species diversity; species richness; archaeon; bacterium; biodiversity; biofilm; classification; eukaryote; gene expression profiling; genetics; microbiology; mining; pH; phylogeny; RNA gene","English","Article","Scopus"
"Awazi N.P.; Nfornkah B.N.; Chimi C.D.; Alemagi D.; Enongene K.; Nkondjoua A.D.T.; Okala S.; Fobissie K.","Awazi, Nyong Princely (57210996419); Nfornkah, Barnabas Neba (57201310171); Chimi, Cédric Djomo (57193342089); Alemagi, Dieudonne (12139710300); Enongene, Kevin (57188550616); Nkondjoua, Armand Delanot Tanougong (60157469600); Okala, Serges (57219293903); Fobissie, Kalame (56461443300)","57210996419; 57201310171; 57193342089; 12139710300; 57188550616; 60157469600; 57219293903; 56461443300","Community-based integrated watershed management in the Congo Basin: realities and perspectives","2025","0","10.1016/B978-0-443-29993-3.00023-0","https://www.scopus.com/pages/publications/105019916931?origin=resultslist","Global warming, climate change, and harmful anthropogenic activities are adversely impacting watersheds in the Congo Basin subregion. This has inspired different community-based integrated watershed management initiatives in the subregion geared toward safeguarding watersheds. This chapter seeks to understand the situation of community-based integrated watershed management in the Congo Basin and proffer recommendations for more sustainable watershed management. This chapter draws inspiration from published works on watersheds and watershed management in the subregion. Findings reveal that watersheds in the subregion provide different products and services (ecosystem services), including climate regulation, fish and fiber, flood regulation, water supply, coastal protection, medicinal products, sand, water purification, timber and nontimber forest products, and recreational opportunities, (eco)tourism. These watersheds are, however, degrading at an alarming rate largely due to anthropogenic activities such as agriculture, grazing, settlement/urbanization, wildfires, wanton harvesting of timber and nontimber forest products, mining, and climate change. Community-based integrated watershed management initiatives have contributed enormously toward improving and/or restoring degraded watersheds through afforestation and reforestation campaigns, participatory approaches to decision-making, awareness raising and capacity-building, and the establishment of sustainable watershed management plans. Challenges to community-based watershed management in the Congo Basin include the large size of watersheds, nonparticipation of some key stakeholders, power tussles especially between experts and lay persons, conflicting management goals that put stakeholders at loggerheads, and inadequate funding to accomplish long-term goals. Community-based integrated watershed management is therefore the right path to take to ensure the sustainable management of watersheds in the Congo Basin subregion. © 2025 Elsevier Inc. All rights reserved.","community-based watershed management; Congo Basin; integrated watershed management; water; Watershed; watershed degradation; watershed ecosystem services","Anthropogenic; Ecosystems; Flood control; Global warming; Reforestation; Shore protection; Soil conservation; Sustainable development; Timber; Water; Water conservation; Water management; Anthropogenic activity; Community-based; Community-based watershed management; Community-based watersheds; Congo basins; Ecosystem services; Integrated watershed management; Watershed degradation; Watershed ecosystem service; Watersheds management; Watersheds","English","Book chapter","Scopus"
"Wanninayake S.B.; Nianthi R.; Dayarathne Banda O.G.","Wanninayake, Sisira Bandara (58084187000); Nianthi, Rekha (55905858100); Dayarathne Banda, O.G. (58084025600)","58084187000; 55905858100; 58084025600","Roles and responsibilities of stakeholders involved in local-level flood risk management: a study in the Deduru Oya basin in Sri Lanka","2024","3","10.1108/IJDRBE-12-2023-0128","https://www.scopus.com/pages/publications/85195217046?origin=resultslist","Purpose: Disasters are occurring worldwide, and Sri Lanka has also become a victim of multiple disasters. Though there is a disaster management mechanism from the national level to the local level in Sri Lanka, several gaps are identified in pre- and postdisaster management activities. Among them, the responsibilities of local-level stakeholders in flood management activities are not performing at a satisfactory level. Therefore, the flood damage from the previous events was too great. Accordingly, the purpose of this study is to assess the roles, responsibilities and performance of stakeholders involved in local-level flood risk management activities. Design/methodology/approach: The Deduru Oya basin in Sri Lanka was selected as the study area. The study hypothesized that “ineffective roles, responsibilities and performance of local level stakeholders have weakened the flood risk management in the Deduru Oya basin.” The stratified random sampling method selected the sample (n = 425) from the flood-vulnerable population. Primary data were collected through a questionnaire survey, key informant interviews and field observations. Secondary data were collected from reports, work plans, journal papers and published maps. Descriptive data analysis methods and thematic data analysis methods were used in the study. Findings: About 69% of the respondents state that they are not satisfied with the involvement of government agencies in local-level flood risk management activities, while 10% of the respondents state that they are satisfied. The thematic analysis reveals several gaps, such as the lack of reservations in the Deduru Oya, improper land use practices, no inundation areas are identified and mapped out and the effects of illegal sand mining in the Deduru Oya. In addition to that, the lack of legal power vested in local governments in disaster management and the weaknesses of current legislation on flood risk management are the other major courses of local-level ineffectiveness. Research limitations/implications: The current research was limited to studying the involvement of local-level stakeholders in flood risk management, but the involvement of subnational and national-level stakeholders should be studied in future research. Originality/value: This paper examines the involvement of local-level stakeholders in flood risk management. The results of the study confirm that the roles and responsibilities of local-level stakeholders are not well-defined and mandated, and therefore, the performance of stakeholders involved is minimal. Therefore, the results highlight the need for a well-established community-based flood risk management mechanism. © 2024, Emerald Publishing Limited.","Community-based flood management; Deduru Oya; Flood; Local-level stakeholders; River basin; Sri Lanka","Sri Lanka; disaster management; flood; flood control; government; land use","English","Article","Scopus"
"Tian J.","Tian, Jiefang (57347416300)","57347416300","Mining city resilience research","2021","3","10.1680/jmuen.18.00038","https://www.scopus.com/pages/publications/85119504173?origin=resultslist","The economic development and increasing population have intensified the demand for mineral products and have led to environmental disasters in mining cities around the world. This paper discusses environmental risks in mining cities by analysing the current situation of environmental disasters that occur at home and abroad. The study draws on the theory of urban resilience and analyses the influencing factors of disastrous occurrence in mining areas. By putting forward the resilience evaluation index system this paper aims to improve the cities' ability to cope with major shocks and chronic stress, and to enhance urban resistance and resilience. The study of urban resilience capacity against uncertain risks involves ecological and engineering resilience, and economic and social resilience. With reference to the statistics of Tangshan city, this paper conducts a comprehensive evaluation, using the cluster analysis method, to calculate the degree of urban resilience and resilience index. The paper also attempts to put forward optimisation statistics for greater capacity of resilience to be achieved in the future urban development process, while providing a basis for improving the mining cities' capability to resist disasters and maintain sustainable development in those places.  © 2019 ICE Publishing: All rights reserved.","disaster engineering; environment; infrastructure planning","China; Hebei; Tangshan; Cluster analysis; Sustainable development; Urban growth; Current situation; Economic development; Environment; Environmental disasters; Environmental risks; Infrastructure planning; Mineral products; Mining cities; Urban analysis; Urban resilience; disaster management; economic development; environmental risk; hazard assessment; infrastructure planning; mineral resource; mining; optimization; population growth; risk assessment; safety; uncertainty analysis; urban development; Disasters","English","Article","Scopus"
